[232月2025 12:58:31.639] [main/INFO] [Arclight/]: 

       ___           ___     __   /\
      /   | ________/ (_)__ / /  / /
     / /| |/ __/ __/ / / _ / _ \/__/
    / ___ / / / /_/ / / / / // / /
   /_/  |/_/  \__/_/_/\_ /_//_/ /
                     /__/     \/

    运行版本 诸王 / arclight-1.21.1-1.0.0-SNAPSHOT-7cc6e16
    构建日期 2025-02-19 07:51:53

[232月2025 12:58:31.675] [main/INFO] [cpw.mods.modlauncher.Launcher/MODLAUNCHER]: ModLauncher running: args [--launchTarget, arclightserver, --fml.neoForgeVersion, 21.1.117, --fml.fmlVersion, 4.0.35, --fml.mcVersion, 1.21.1, --fml.neoFormVersion, 20240808.144430]
[232月2025 12:58:31.675] [main/INFO] [cpw.mods.modlauncher.Launcher/MODLAUNCHER]: JVM identified as Microsoft OpenJDK 64-Bit Server VM 21.0.6+7-LTS
[232月2025 12:58:31.677] [main/INFO] [cpw.mods.modlauncher.Launcher/MODLAUNCHER]: ModLauncher 11.0.4+main.d2e20e43 starting: java version 21.0.6 by Microsoft; OS Windows 11 arch amd64 version 10.0
[232月2025 12:58:31.863] [main/INFO] [net.neoforged.fml.loading.ImmediateWindowHandler/]: ImmediateWindowProvider not loading because launch target is arclightserver
[232月2025 12:58:31.931] [main/INFO] [mixin/]: SpongePowered MIXIN Subsystem Version=0.8.7 Source=union:/D:/AutumnCraft-Server/AutumnCraft-Server/libraries/net/fabricmc/sponge-mixin/0.15.2+mixin.0.8.7/sponge-mixin-0.15.2+mixin.0.8.7.jar%23107!/ Service=ModLauncher Env=SERVER
[232月2025 12:58:32.169] [main/WARN] [net.neoforged.fml.loading.moddiscovery.ModDiscoverer/SCAN]: Skipping jar. File D:\AutumnCraft-Server\AutumnCraft-Server\mods\[YDM的武器大师] weaponmaster_ydm-fabric-1.21-4.2.6.jar is a Fabric mod and cannot be loaded
[232月2025 12:58:32.300] [main/WARN] [net.neoforged.fml.loading.moddiscovery.ModDiscoverer/SCAN]: Skipping jar. File D:\AutumnCraft-Server\AutumnCraft-Server\mods\[更好的末地] better-end-21.0.11.jar is a Fabric mod and cannot be loaded
[232月2025 12:58:32.398] [main/WARN] [net.neoforged.fml.loading.moddiscovery.ModDiscoverer/SCAN]: Skipping jar. File D:\AutumnCraft-Server\AutumnCraft-Server\mods\bclib-21.0.13.jar is a Fabric mod and cannot be loaded
[232月2025 12:58:32.452] [main/WARN] [net.neoforged.fml.loading.moddiscovery.ModDiscoverer/SCAN]: Skipping jar. File D:\AutumnCraft-Server\AutumnCraft-Server\mods\worldweaver-21.0.13.jar is a Fabric mod and cannot be loaded
[232月2025 12:58:32.865] [main/WARN] [net.neoforged.jarjar.selection.JarSelector/]: Attempted to select a dependency jar for JarJar which was passed in as source: library:net.fabricmc.loader. Using Mod File: \~nonexistent
[232月2025 12:58:32.865] [main/INFO] [net.neoforged.fml.loading.moddiscovery.locators.JarInJarDependencyLocator/]: Found 74 dependencies adding them to mods collection
[232月2025 12:58:33.314] [main/INFO] [org.sinytra.connector.locator.DependencyResolver/]: Dependency resolution found 21 candidates to load
[232月2025 12:58:43.541] [main/INFO] [net.neoforged.fml.loading.moddiscovery.locators.JarInJarDependencyLocator/]: Found 2 dependencies adding them to mods collection
[232月2025 12:58:43.547] [main/INFO] [net.neoforged.fml.loading.moddiscovery.ModDiscoverer/]: 
     Mod List:
		Name Version (Mod Id)

		Accessories 1.1.0-beta.16+1.21.1 (accessories)
		Aethers Delight 0.1.2-1.21.1 (aethersdelight)
		Apotheosis 8.1.3 (apotheosis)
		Apothic Attributes 2.6.2 (apothic_attributes)
		Apothic Enchanting 1.3.2 (apothic_enchanting)
		Apothic Spawners 1.2.1 (apothic_spawners)
		Applied Energistics 2 19.2.3-beta (ae2)
		Architectury 13.0.8 (architectury)
		Arclight Mod 1.0.0-SNAPSHOT+7cc6e16 (arclight)
		Balm 21.0.30 (balm)
		BCLib 21.0.13 (bclib)
		Better End 21.0.11 (betterend)
		Biomes O' Plenty 21.1.0.8 (biomesoplenty)
		Bookshelf 21.1.48 (bookshelf)
		Clumps 19.0.0.1 (clumps)
		Connector Extras 1.12.1+1.21.1 (connectorextras)
		Connector Extras EMI Bridge 1.12.1+1.21.1 (connectorextras_emi_bridge)
		Connector Extras Energy Bridge 1.12.1+1.21.1 (connectorextras_energy_bridge)
		Connector Extras JEI Bridge 1.12.1+1.21.1 (connectorextras_jei_bridge)
		Connector Extras KubeJS Bridge 1.12.1+1.21.1 (connectorextras_kubejs_bridge)
		Connector Extras ModMenu Bridge 1.12.1+1.21.1 (connectorextras_modmenu_bridge)
		Connector Extras Pehkui Bridge 1.12.1+1.21.1 (connectorextras_pehkui_bridge)
		Connector Extras REI Bridge 1.12.1+1.21.1 (connectorextras_rei_bridge)
		Connector Extras Terrablender Bridge 1.12.1+1.21.1 (connectorextras_terrablender_bridge)
		Cumulus 2.0.3 (cumulus_menus)
		Curios API 9.2.2+1.21.1 (curios)
		Easy Villagers 1.21.1-1.1.23 (easy_villagers)
		End Remastered 6.0.2 (endrem)
		Explorer's Compass 1.21.1-3.0.3-neoforge (explorerscompass)
		Farmer's Delight 1.2.7 (farmersdelight)
		Ferrite Core 7.0.2 (ferritecore)
		Forgified Fabric API 0.107.0+2.0.23+1.21.1 (fabric_api)
		Forgified Fabric API Base 0.4.42+d1308dedd1 (fabric_api_base)
		Forgified Fabric API Lookup API (v1) 1.6.69+c21168c319 (fabric_api_lookup_api_v1)
		Forgified Fabric Biome API (v1) 13.0.30+1e62d33c19 (fabric_biome_api_v1)
		Forgified Fabric Block API (v1) 1.0.22+a6e994cd19 (fabric_block_api_v1)
		Forgified Fabric BlockRenderLayer Registration (v1) 1.1.52+b089b4bd19 (fabric_blockrenderlayer_v1)
		Forgified Fabric BlockView API (v2) 1.0.10+9afaaf8c19 (fabric_block_view_api_v2)
		Forgified Fabric Client Tags 1.1.15+e053909619 (fabric_client_tags_api_v1)
		Forgified Fabric Command API (v2) 2.2.28+36d727be19 (fabric_command_api_v2)
		Forgified Fabric Content Registries (v0) 8.0.17+0a0c14ff19 (fabric_content_registries_v0)
		Forgified Fabric Convention Tags 2.1.1+7f945d5b19 (fabric_convention_tags_v1)
		Forgified Fabric Convention Tags (v2) 2.9.1+231468e519 (fabric_convention_tags_v2)
		Forgified Fabric Data Attachment API (v1) 1.2.0+7330bc1b19 (fabric_data_attachment_api_v1)
		Forgified Fabric Data Generation API (v1) 20.2.22+2d91a6db19 (fabric_data_generation_api_v1)
		Forgified Fabric Entity Events (v1) 1.7.0+1af6e62419 (fabric_entity_events_v1)
		Forgified Fabric Events Interaction (v0) 0.7.13+7b71cc1619 (fabric_events_interaction_v0)
		Forgified Fabric Game Rule API (v1) 1.0.53+36d727be19 (fabric_game_rule_api_v1)
		Forgified Fabric Game Test API (v1) 2.0.5+29f188ce19 (fabric_gametest_api_v1)
		Forgified Fabric Item API (v1) 11.1.1+57cdfa8219 (fabric_item_api_v1)
		Forgified Fabric Item Group API (v1) 4.1.6+e324903319 (fabric_item_group_api_v1)
		Forgified Fabric Key Binding API (v1) 1.0.47+62cc7ce119 (fabric_key_binding_api_v1)
		Forgified Fabric Lifecycle Events (v1) 2.4.0+36b6b86a19 (fabric_lifecycle_events_v1)
		Forgified Fabric Loot API (v2) 3.0.15+a3ee712d19 (fabric_loot_api_v2)
		Forgified Fabric Loot API (v3) 1.0.3+333dfad919 (fabric_loot_api_v3)
		Forgified Fabric Message API (v1) 6.0.13+e053909619 (fabric_message_api_v1)
		Forgified Fabric Model Loading API (v1) 2.0.0+a6e994cd19 (fabric_model_loading_api_v1)
		Forgified Fabric Networking API (v1) 4.3.0+0d25d43e19 (fabric_networking_api_v1)
		Forgified Fabric Object Builder API (v1) 15.2.1+cc242efd19 (fabric_object_builder_api_v1)
		Forgified Fabric Particles (v1) 4.0.2+824f924c19 (fabric_particles_v1)
		Forgified Fabric Recipe API (v1) 5.0.13+59440bcc19 (fabric_recipe_api_v1)
		Forgified Fabric Registry Sync (v0) 5.1.3+0c9b5b5419 (fabric_registry_sync_v0)
		Forgified Fabric Renderer - Indigo 1.7.0+acb05a3919 (fabric_renderer_indigo)
		Forgified Fabric Renderer API (v1) 3.4.0+9c40919e19 (fabric_renderer_api_v1)
		Forgified Fabric Rendering (v1) 5.0.5+077ba95f19 (fabric_rendering_v1)
		Forgified Fabric Rendering Data Attachment (v1) 0.3.48+73761d2e19 (fabric_rendering_data_attachment_v1)
		Forgified Fabric Rendering Fluids (v1) 3.1.6+857185bc19 (fabric_rendering_fluids_v1)
		Forgified Fabric Resource Conditions API (v1) 4.3.0+edeecbd819 (fabric_resource_conditions_api_v1)
		Forgified Fabric Resource Loader (v0) 1.3.1+4ea8954419 (fabric_resource_loader_v0)
		Forgified Fabric Screen API (v1) 2.0.25+b282c4bb19 (fabric_screen_api_v1)
		Forgified Fabric Screen Handler API (v1) 1.3.87+8dbc56dd19 (fabric_screen_handler_api_v1)
		Forgified Fabric Sound API (v1) 1.0.23+10b84f8419 (fabric_sound_api_v1)
		Forgified Fabric Transfer API (v1) 5.4.1+d719f32719 (fabric_transfer_api_v1)
		Forgified Fabric Transitive Access Wideners (v1) 6.1.0+0df3143b19 (fabric_transitive_access_wideners_v1)
		FTB Chunks 2101.1.7 (ftbchunks)
		FTB Library 2101.1.9 (ftblibrary)
		FTB Teams 2101.1.2 (ftbteams)
		FTB Ultimine 2101.1.1 (ftbultimine)
		FTB XMod Compat 21.1.2 (ftbxmodcompat)
		Geophilic 3.2 (geophilic)
		GlitchCore 2.1.0.0 (glitchcore)
		GuideME 21.1.1 (guideme)
		Immersive Engineering 12.0.0-182 (immersiveengineering)
		Just Enough Items 19.21.0.247 (jei)
		KumaAPI 21.0.5-SNAPSHOT (kuma_api)
		L2Core 3.0.8+4 (l2core)
		L2DamageTracker 3.0.3+8 (l2damagetracker)
		L2ItemSelector 3.0.8 (l2itemselector)
		L2Library 3.0.4 (l2library)
		L2MenuStacker 3.0.9 (l2menustacker)
		L2Tabs 3.0.5+7 (l2tabs)
		L_Ender's Cataclysm 2.56-1.21.1 (cataclysm)
		lionfishapi 2.6 (lionfishapi)
		Lootr 1.21-1.10.34.88 (lootr)
		Minecraft 1.21.1 (minecraft)
		MmmMmmMmmMmm 1.21-2.0.6 (dummmmmmy)
		ModernFix 5.20.2+mc1.21.1 (modernfix)
		Modular Golems 3.0.8 (modulargolems)
		Moonlight Lib 1.21-2.17.30 (moonlight)
		Nature's Compass 1.21.1-3.0.2-neoforge (naturescompass)
		NeoForge 21.1.117 (neoforge)
		Nitrogen 1.1.22 (nitrogen_internals)
		oωo 0.12.15-beta.12+1.21 (owo)
		Paraglider 1.0.0 (paraglider)
		Patchouli 1.21-88-NEOFORGE (patchouli)
		Placebo 9.6.5 (placebo)
		Radium 0.13.1+git.4994e83 (radium)
		Simple Voice Chat 1.21.1-2.5.27 (voicechat)
		Sinytra Connector 2.0.0-beta.6+1.21.1 (connector)
		Sophisticated Backpacks 3.23.5 (sophisticatedbackpacks)
		Sophisticated Core 1.2.21 (sophisticatedcore)
		Sophisticated Storage 1.3.10 (sophisticatedstorage)
		Spice of Life: Carrot Edition 1.16.5 (solcarrot)
		TerraBlender 4.1.0.8 (terrablender)
		The Aether 1.5.5 (aether)
		The Twilight Forest 4.6.3003 (twilightforest)
		Tom's Simple Storage Mod 2.1.1 (toms_storage)
		Towers of The Wild: Modded 1.0.5 (totw_modded)
		Twilight Flavors & Delight 3.0.2 (twilightdelight)
		Waystones 21.1.10 (waystones)
		When Dungeons Arise 2.1.64 (dungeons_arise)
		When Dungeons Arise: Seven Seas 1.0.3.2 (dungeons_arise_seven_seas)
		WorldWeaver 21.0.13 (wover)
		WorldWeaver - Biome API 21.0.13 (wover_biome)
		WorldWeaver - Block and Item API 21.0.13 (wover_block)
		WorldWeaver - Common API 21.0.13 (wover_common)
		WorldWeaver - Core API 21.0.13 (wover_core)
		WorldWeaver - Datagen API 21.0.13 (wover_datagen)
		WorldWeaver - Events API 21.0.13 (wover_events)
		WorldWeaver - Feature API 21.0.13 (wover_feature)
		WorldWeaver - Item API 21.0.13 (wover_item)
		WorldWeaver - Math API 21.0.13 (wover_math)
		WorldWeaver - Recipe API 21.0.13 (wover_recipe)
		WorldWeaver - Structure API 21.0.13 (wover_structure)
		WorldWeaver - Surface API 21.0.13 (wover_surface)
		WorldWeaver - Tag API 21.0.13 (wover_tag)
		WorldWeaver - UI API 21.0.13 (wover_ui)
		WorldWeaver - World Generator API 21.0.13 (wover_generator)
		WorldWeaver - World Preset API 21.0.13 (wover_preset)
		WunderLib 21.0.8 (wunderlib)
		YDM's Weapon Master 4.2.3 (weaponmaster_ydm)
		YUNG's API 1.21.1-NeoForge-5.1.3 (yungsapi)
		YUNG's Better Desert Temples 1.21.1-NeoForge-4.1.3 (betterdeserttemples)
		YUNG's Better Dungeons 1.21.1-NeoForge-5.1.4 (betterdungeons)
		YUNG's Better End Island 1.21.1-NeoForge-3.1.1 (betterendisland)
		YUNG's Better Jungle Temples 1.21.1-NeoForge-3.1.2 (betterjungletemples)
		YUNG's Better Mineshafts 1.21.1-NeoForge-5.1.1 (bettermineshafts)
		YUNG's Better Nether Fortresses 1.21.1-NeoForge-3.1.3 (betterfortresses)
		YUNG's Better Ocean Monuments 1.21.1-NeoForge-4.1.2 (betteroceanmonuments)
		YUNG's Better Strongholds 1.21.1-NeoForge-5.1.2 (betterstrongholds)
		YUNG's Better Witch Huts 1.21.1-NeoForge-4.1.1 (betterwitchhuts)
		YUNG's Bridges 1.21.1-NeoForge-5.1.1 (yungsbridges)
		YUNG's Extras 1.21.1-NeoForge-5.1.1 (yungsextras)
[232月2025 12:58:43.839] [main/INFO] [org.sinytra.connector.service.hacks.ModuleLayerMigrator/]: Successfully made module authlib transformable
[232月2025 12:58:43.840] [main/INFO] [org.sinytra.connector.service.hacks.ModuleLayerMigrator/]: Successfully made module brigadier transformable
[232月2025 12:58:43.841] [main/INFO] [net.neoforged.fml.loading.FMLServiceProvider/CORE]: Loading coremod script-engine for [apothic_enchanting]
[232月2025 12:58:44.987] [main/INFO] [mixin/]: Compatibility level set to JAVA_21
[232月2025 12:58:45.117] [main/INFO] [mixin/]: Successfully loaded Mixin Connector [io.izzel.arclight.common.mod.ArclightConnector]
[232月2025 12:58:45.131] [main/INFO] [Arclight/]: 核心 Mixin 配置已加载
[232月2025 12:58:45.133] [main/INFO] [Arclight/]: 服务端优化 Mixin 配置已加载
[232月2025 12:58:45.143] [main/INFO] [cpw.mods.modlauncher.LaunchServiceHandler/MODLAUNCHER]: Launching target 'arclightserver' with arguments []
[232月2025 12:58:45.152] [main/WARN] [mixin/]: Reference map 'betterdungeons.refmap.json' for betterdungeons.mixins.json could not be read. If this is a development environment you can ignore this message
[232月2025 12:58:45.152] [main/WARN] [mixin/]: Reference map 'kuma_api.refmap.json' for kuma_api.mixins.json could not be read. If this is a development environment you can ignore this message
[232月2025 12:58:45.153] [main/WARN] [mixin/]: Reference map 'betterwitchhuts.refmap.json' for betterwitchhuts.mixins.json could not be read. If this is a development environment you can ignore this message
[232月2025 12:58:45.156] [main/WARN] [mixin/]: Reference map 'aether.refmap.json' for aether.mixins.json could not be read. If this is a development environment you can ignore this message
[232月2025 12:58:45.159] [main/WARN] [mixin/]: Reference map 'betteroceanmonuments.refmap.json' for betteroceanmonuments.mixins.json could not be read. If this is a development environment you can ignore this message
[232月2025 12:58:45.160] [main/WARN] [mixin/]: Reference map 'placebo.refmap.json' for placebo.mixins.json could not be read. If this is a development environment you can ignore this message
[232月2025 12:58:45.187] [main/INFO] [ModernFix/]: Loaded configuration file for ModernFix 5.20.2+mc1.21.1: 69 options available, 0 override(s) found
[232月2025 12:58:45.187] [main/INFO] [ModernFix/]: Applying Nashorn fix
[232月2025 12:58:45.191] [main/WARN] [mixin/]: Reference map 'yungsapi.refmap.json' for yungsapi.mixins.json could not be read. If this is a development environment you can ignore this message
[232月2025 12:58:45.193] [main/WARN] [mixin/]: Reference map 'bookshelf.refmap.json' for bookshelf.mixins.json could not be read. If this is a development environment you can ignore this message
[232月2025 12:58:45.194] [main/WARN] [mixin/]: Reference map 'balm.refmap.json' for balm.mixins.json could not be read. If this is a development environment you can ignore this message
[232月2025 12:58:45.198] [main/WARN] [mixin/]: Reference map 'betterfortresses.refmap.json' for betterfortresses.mixins.json could not be read. If this is a development environment you can ignore this message
[232月2025 12:58:45.204] [main/WARN] [mixin/]: Reference map 'endrem.refmap.json' for endrem.mixins.json could not be read. If this is a development environment you can ignore this message
[232月2025 12:58:45.205] [main/WARN] [mixin/]: Reference map 'apothic_attributes.refmap.json' for apothic_attributes.mixins.json could not be read. If this is a development environment you can ignore this message
[232月2025 12:58:45.205] [main/WARN] [mixin/]: Reference map 'yungsbridges.refmap.json' for yungsbridges.mixins.json could not be read. If this is a development environment you can ignore this message
[232月2025 12:58:45.205] [main/WARN] [mixin/]: Reference map 'lionfishapi.refmap.json' for lionfishapi.mixins.json could not be read. If this is a development environment you can ignore this message
[232月2025 12:58:45.206] [main/WARN] [mixin/]: Reference map 'curios.refmap.json' for curios.neoforge.mixins.json could not be read. If this is a development environment you can ignore this message
[232月2025 12:58:45.206] [main/WARN] [mixin/]: Reference map 'curios.refmap.json' for curios.mixins.json could not be read. If this is a development environment you can ignore this message
[232月2025 12:58:45.206] [main/WARN] [mixin/]: Reference map 'cataclysm.refmap.json' for cataclysm.mixins.json could not be read. If this is a development environment you can ignore this message
[232月2025 12:58:45.208] [main/WARN] [mixin/]: Reference map 'patchouli.refmap.json' for patchouli_xplat.mixins.json could not be read. If this is a development environment you can ignore this message
[232月2025 12:58:45.209] [main/WARN] [mixin/]: Reference map 'betterstrongholds.refmap.json' for betterstrongholds.mixins.json could not be read. If this is a development environment you can ignore this message
[232月2025 12:58:45.212] [main/WARN] [mixin/]: Reference map '' for accessories-common.mixins.json could not be read. If this is a development environment you can ignore this message
[232月2025 12:58:45.213] [main/WARN] [mixin/]: Reference map 'cumulus_menus.refmap.json' for cumulus_menus.mixins.json could not be read. If this is a development environment you can ignore this message
[232月2025 12:58:45.213] [main/WARN] [mixin/]: Reference map 'cumulus_menus.refmap.json' for cumulus_menus.neoforge.mixins.json could not be read. If this is a development environment you can ignore this message
[232月2025 12:58:45.216] [main/WARN] [mixin/]: Reference map 'betterendisland.refmap.json' for betterendisland.mixins.json could not be read. If this is a development environment you can ignore this message
[232月2025 12:58:45.217] [main/WARN] [mixin/]: Reference map 'nitrogen_internals.refmap.json' for nitrogen_internals.mixins.json could not be read. If this is a development environment you can ignore this message
[232月2025 12:58:45.219] [main/WARN] [mixin/]: Reference map 'bettermineshafts.refmap.json' for bettermineshafts.mixins.json could not be read. If this is a development environment you can ignore this message
[232月2025 12:58:45.220] [main/WARN] [mixin/]: Reference map 'betterjungletemples.refmap.json' for betterjungletemples.mixins.json could not be read. If this is a development environment you can ignore this message
[232月2025 12:58:45.246] [main/INFO] [Radium Config/]: Loaded configuration file for Radium: 143 options available, 1 override(s) found
[232月2025 12:58:45.253] [main/WARN] [mixin/]: Reference map 'waystones.refmap.json' for waystones.mixins.json could not be read. If this is a development environment you can ignore this message
[232月2025 12:58:45.255] [main/WARN] [mixin/]: Reference map 'clumps.refmap.json' for clumps.mixins.json could not be read. If this is a development environment you can ignore this message
[232月2025 12:58:45.255] [main/WARN] [mixin/]: Reference map 'glitchcore.refmap.json' for glitchcore.mixins.json could not be read. If this is a development environment you can ignore this message
[232月2025 12:58:45.256] [main/WARN] [mixin/]: Reference map 'glitchcore.refmap.json' for glitchcore.neoforge.mixins.json could not be read. If this is a development environment you can ignore this message
[232月2025 12:58:45.256] [main/WARN] [mixin/]: Reference map 'betterdeserttemples.refmap.json' for betterdeserttemples.mixins.json could not be read. If this is a development environment you can ignore this message
[232月2025 12:58:45.257] [main/WARN] [mixin/]: Reference map 'terrablender.refmap.json' for terrablender.mixins.json could not be read. If this is a development environment you can ignore this message
[232月2025 12:58:45.257] [main/WARN] [mixin/]: Reference map 'terrablender.refmap.json' for terrablender_neoforge.mixins.json could not be read. If this is a development environment you can ignore this message
[232月2025 12:58:45.257] [main/WARN] [mixin/]: Reference map 'biomesoplenty.refmap.json' for biomesoplenty.mixins.json could not be read. If this is a development environment you can ignore this message
[232月2025 12:58:45.258] [main/WARN] [mixin/]: Reference map 'biomesoplenty.refmap.json' for biomesoplenty.neoforge.mixins.json could not be read. If this is a development environment you can ignore this message
[232月2025 12:58:45.260] [main/WARN] [mixin/]: Reference map 'apothic_spawners.refmap.json' for apothic_spawners.mixins.json could not be read. If this is a development environment you can ignore this message
[232月2025 12:58:45.260] [main/WARN] [mixin/]: Reference map 'apotheosis.refmap.json' for apotheosis.mixins.json could not be read. If this is a development environment you can ignore this message
[232月2025 12:58:45.288] [main/WARN] [mixin/]: Reference map '${refmap_target}refmap.json' for ferritecore.predicates.mixin.json could not be read. If this is a development environment you can ignore this message
[232月2025 12:58:45.289] [main/WARN] [mixin/]: Reference map '${refmap_target}refmap.json' for ferritecore.fastmap.mixin.json could not be read. If this is a development environment you can ignore this message
[232月2025 12:58:45.290] [main/WARN] [mixin/]: Reference map '${refmap_target}refmap.json' for ferritecore.mrl.mixin.json could not be read. If this is a development environment you can ignore this message
[232月2025 12:58:45.291] [main/WARN] [mixin/]: Reference map '${refmap_target}refmap.json' for ferritecore.dedupmultipart.mixin.json could not be read. If this is a development environment you can ignore this message
[232月2025 12:58:45.292] [main/WARN] [mixin/]: Reference map '${refmap_target}refmap.json' for ferritecore.blockstatecache.mixin.json could not be read. If this is a development environment you can ignore this message
[232月2025 12:58:45.292] [main/WARN] [mixin/]: Reference map '${refmap_target}refmap.json' for ferritecore.dedupbakedquad.mixin.json could not be read. If this is a development environment you can ignore this message
[232月2025 12:58:45.293] [main/WARN] [mixin/]: Reference map '${refmap_target}refmap.json' for ferritecore.threaddetec.mixin.json could not be read. If this is a development environment you can ignore this message
[232月2025 12:58:45.294] [main/WARN] [mixin/]: Reference map '${refmap_target}refmap.json' for ferritecore.modelsides.mixin.json could not be read. If this is a development environment you can ignore this message
[232月2025 12:58:45.295] [main/WARN] [mixin/]: Reference map '${refmap_target}refmap.json' for ferritecore.accessors.mixin.json could not be read. If this is a development environment you can ignore this message
[232月2025 12:58:45.333] [main/WARN] [mixin/]: Reference map '' for adapter.init.mixins.json could not be read. If this is a development environment you can ignore this message
[232月2025 12:58:45.520] [main/INFO] [net.neoforged.coremod.CoreMod.apothic_enchanting/COREMODLOG]: Replaced 2 calls to Enchantment#getMaxLevel() in net/minecraft/world/inventory/AnvilMenu
[232月2025 12:58:45.532] [main/INFO] [net.neoforged.coremod.CoreMod.apothic_enchanting/COREMODLOG]: Replaced 2 calls to Enchantment#getMaxLevel() in net/minecraft/server/commands/EnchantCommand
[232月2025 12:58:45.578] [main/INFO] [net.neoforged.coremod.CoreMod.apothic_enchanting/COREMODLOG]: Replaced 1 calls to Enchantment#getMaxLevel() in net/minecraft/world/item/enchantment/EnchantmentHelper
[232月2025 12:58:45.584] [main/INFO] [net.neoforged.coremod.CoreMod.apothic_enchanting/COREMODLOG]: Replaced 1 calls to Enchantment#getMaxLevel() in net/minecraft/world/level/storage/loot/functions/EnchantRandomlyFunction
[232月2025 12:58:45.753] [main/ERROR] [net.neoforged.fml.common.asm.RuntimeDistCleaner/DISTXFORM]: Attempted to load class net/minecraft/client/gui/screens/Screen for invalid dist DEDICATED_SERVER
[232月2025 12:58:45.757] [main/WARN] [mixin/]: Error loading class: net/minecraft/client/gui/screens/Screen (java.lang.RuntimeException: Attempted to load class net/minecraft/client/gui/screens/Screen for invalid dist DEDICATED_SERVER)
[232月2025 12:58:45.758] [main/WARN] [mixin/]: @Mixin target net.minecraft.client.gui.screens.Screen was not found fabric-screen-api-v1.mixins.json:ScreenAccessor from mod fabric_screen_api_v1
[232月2025 12:58:45.787] [main/INFO] [net.neoforged.coremod.CoreMod.apothic_enchanting/COREMODLOG]: Replaced 1 calls to Enchantment#getMaxLevel() in net/minecraft/world/item/enchantment/Enchantment
[232月2025 12:58:45.874] [main/ERROR] [net.neoforged.fml.common.asm.RuntimeDistCleaner/DISTXFORM]: Attempted to load class net/minecraft/client/renderer/LevelRenderer for invalid dist DEDICATED_SERVER
[232月2025 12:58:45.875] [main/WARN] [mixin/]: Error loading class: net/minecraft/client/renderer/LevelRenderer (java.lang.RuntimeException: Attempted to load class net/minecraft/client/renderer/LevelRenderer for invalid dist DEDICATED_SERVER)
[232月2025 12:58:45.875] [main/WARN] [mixin/]: @Mixin target net.minecraft.client.renderer.LevelRenderer was not found accessories-common.mixins.json:LevelRendererAccessor from mod accessories
[232月2025 12:58:45.907] [main/WARN] [mixin/]: Error loading class: org/violetmoon/quark/content/tweaks/module/GoldToolsHaveFortuneModule (java.lang.ClassNotFoundException: org.violetmoon.quark.content.tweaks.module.GoldToolsHaveFortuneModule)
[232月2025 12:58:45.909] [main/WARN] [mixin/]: Error loading class: com/hollingsworth/arsnouveau/common/items/SpellCrossbow (java.lang.ClassNotFoundException: com.hollingsworth.arsnouveau.common.items.SpellCrossbow)
[232月2025 12:58:45.947] [main/WARN] [Radium Config/]: Force-disabling mixin 'alloc.blockstate.StateMixin' as option 'mixin.alloc.blockstate' (added by mods [ferritecore]) disables it and children
[232月2025 12:58:46.038] [main/WARN] [mixin/]: Error loading class: com/mojang/blaze3d/vertex/BufferBuilder (java.lang.ClassNotFoundException: com.mojang.blaze3d.vertex.BufferBuilder)
[232月2025 12:58:46.038] [main/WARN] [mixin/]: @Mixin target com.mojang.blaze3d.vertex.BufferBuilder was not found owo.mixins.json:BufferBuilderAccessor from mod owo
[232月2025 12:58:46.042] [main/ERROR] [net.neoforged.fml.common.asm.RuntimeDistCleaner/DISTXFORM]: Attempted to load class net/minecraft/client/gui/screens/Screen for invalid dist DEDICATED_SERVER
[232月2025 12:58:46.042] [main/WARN] [mixin/]: Error loading class: net/minecraft/client/gui/screens/Screen (java.lang.RuntimeException: Attempted to load class net/minecraft/client/gui/screens/Screen for invalid dist DEDICATED_SERVER)
[232月2025 12:58:46.042] [main/WARN] [mixin/]: @Mixin target net.minecraft.client.gui.screens.Screen was not found owo.mixins.json:ScreenAccessor from mod owo
[232月2025 12:58:46.096] [main/WARN] [mixin/]: Error loading class: org/violetmoon/quark/content/tweaks/module/GoldToolsHaveFortuneModule (java.lang.ClassNotFoundException: org.violetmoon.quark.content.tweaks.module.GoldToolsHaveFortuneModule)
[232月2025 12:58:46.344] [main/INFO] [net.neoforged.coremod.CoreMod.apothic_enchanting/COREMODLOG]: Patching FishingHook#catchingFish
[232月2025 12:58:46.722] [main/INFO] [MixinExtras|Service/]: Initializing MixinExtras via com.llamalad7.mixinextras.service.MixinExtrasServiceImpl(version=0.4.1).
[232月2025 12:58:46.929] [main/WARN] [mixin/]: @Inject(@At("INVOKE")) Shift.BY=2 on accessories-common.mixins.json:NbtCompoundMixin from mod accessories::handler$zoa000$accessories$adjustCheckForListVariants exceeds the maximum allowed value: 0. Increase the value of maxShiftBy to suppress this warning.
[232月2025 12:58:47.521] [main/INFO] [net.minecraft.server.Bootstrap/]: ModernFix reached bootstrap stage (17.76 s after launch)
[232月2025 12:58:47.690] [main/INFO] [net.neoforged.coremod.CoreMod.apothic_enchanting/COREMODLOG]: Replaced 2 calls to Enchantment#getMaxLevel() in net/minecraft/world/item/CreativeModeTabs
[232月2025 12:58:47.744] [main/INFO] [net.neoforged.coremod.CoreMod.apothic_enchanting/COREMODLOG]: Replaced 2 calls to Enchantment#getMaxLevel() in net/minecraft/world/item/CreativeModeTabs
[232月2025 12:58:47.875] [main/INFO] [ModernFix/]: Injecting BlockStateBase cache population hook into lithium$getAllFlags from me.jellysquid.mods.lithium.mixin.util.block_tracking.AbstractBlockStateMixin
[232月2025 12:58:47.994] [main/WARN] [mixin/]: Method overwrite conflict for getIndirectPassengers in mixins.arclight.impl.optimization.json:EntityMixin_Optimize from mod (unknown), previously written by me.jellysquid.mods.lithium.mixin.alloc.deep_passengers.EntityMixin. Skipping method.
[232月2025 12:58:49.578] [main/INFO] [mixin/]: aether.mixins.json:common.accessor.AbstractFurnaceBlockEntityAccessor from mod aether->@Invoker[METHOD_PROXY]::callCanBurn(Lnet/minecraft/core/RegistryAccess;Lnet/minecraft/world/item/crafting/RecipeHolder;Lnet/minecraft/core/NonNullList;ILnet/minecraft/world/level/block/entity/AbstractFurnaceBlockEntity;)Z should be static as its target is
[232月2025 12:58:49.770] [main/WARN] [mixin/]: Static binding violation: PRIVATE @Overwrite method getTemperature in modernfix-common.mixins.json:perf.remove_biome_temperature_cache.BiomeMixin from mod modernfix cannot reduce visibiliy of PUBLIC target method, visibility will be upgraded.
[232月2025 12:58:49.771] [main/WARN] [mixin/]: Method overwrite conflict for getTemperature in lithium.mixins.json:world.temperature_cache.BiomeMixin from mod radium, previously written by org.embeddedt.modernfix.common.mixin.perf.remove_biome_temperature_cache.BiomeMixin. Skipping method.
[232月2025 12:58:49.838] [main/INFO] [net.neoforged.coremod.CoreMod.apothic_enchanting/COREMODLOG]: Replaced 2 calls to Enchantment#getMaxLevel() in net/minecraft/world/inventory/AnvilMenu
[232月2025 12:58:49.852] [main/WARN] [mixin/]: @ModifyConstant conflict. Skipping mixins.arclight.core.json:world.inventory.AnvilMenuMixin from mod (unknown)->@ModifyConstant::arclight$maximumRepairCost(I)I with priority 500, already redirected by apothic_enchanting.mixins.json:AnvilMenuMixin from mod apothic_enchanting->@ModifyConstant::apoth_removeLevelCap(I)I with priority 1000
[232月2025 12:58:49.852] [main/WARN] [mixin/]: @ModifyConstant conflict. Skipping mixins.arclight.core.json:world.inventory.AnvilMenuMixin from mod (unknown)->@ModifyConstant::arclight$maximumRepairCost(I)I with priority 500, already redirected by apothic_enchanting.mixins.json:AnvilMenuMixin from mod apothic_enchanting->@ModifyConstant::apoth_removeLevelCap(I)I with priority 1000
[232月2025 12:58:49.852] [main/WARN] [mixin/]: @ModifyConstant conflict. Skipping mixins.arclight.core.json:world.inventory.AnvilMenuMixin from mod (unknown)->@ModifyConstant::arclight$maximumRepairCost(I)I with priority 500, already redirected by apothic_enchanting.mixins.json:AnvilMenuMixin from mod apothic_enchanting->@ModifyConstant::apoth_removeLevelCap(I)I with priority 1000
[232月2025 12:58:50.484] [main/INFO] [net.neoforged.coremod.CoreMod.apothic_enchanting/COREMODLOG]: Replaced 1 calls to Enchantment#getMaxLevel() in net/minecraft/world/item/enchantment/Enchantment
[232月2025 12:58:51.814] [main/INFO] [net.neoforged.coremod.CoreMod.apothic_enchanting/COREMODLOG]: Patching FishingHook#catchingFish
[232月2025 12:58:52.329] [main/INFO] [net.neoforged.coremod.CoreMod.apothic_enchanting/COREMODLOG]: Replaced 1 calls to Enchantment#getMaxLevel() in net/minecraft/world/level/storage/loot/functions/EnchantRandomlyFunction
[232月2025 12:58:53.007] [main/INFO] [net.neoforged.coremod.CoreMod.apothic_enchanting/COREMODLOG]: Replaced 1 calls to Enchantment#getMaxLevel() in net/minecraft/world/item/enchantment/providers/SingleEnchantment
[232月2025 12:58:53.053] [main/INFO] [net.minecraft.server.Bootstrap/]: Vanilla bootstrap took 5531 milliseconds
[232月2025 12:58:53.340] [main/WARN] [Radium Class Analysis/]: Radium Class Analysis Error: Class org.betterx.betterend.blocks.basis.StoneLanternBlock cannot be analysed, because getting declared methods crashes with NoClassDefFoundError: net/minecraft/client/color/block/BlockColor. This is usually caused by modded entities declaring methods that have a return type or parameter type that is annotated with @OnlyIn(Dist.CLIENT). Loading the type is not possible, because it only exists in the CLIENT environment. The recommended fix is to annotate the method with this argument or return type with the same annotation. Lithium handles this error by assuming the class cannot be included in some optimizations.
[232月2025 12:58:53.340] [main/WARN] [Radium Class Analysis/]: Radium Class Analysis Error: Class org.betterx.betterend.blocks.basis.StoneLanternBlock cannot be analysed, because getting declared methods crashes with NoClassDefFoundError: net/minecraft/client/color/block/BlockColor. This is usually caused by modded entities declaring methods that have a return type or parameter type that is annotated with @OnlyIn(Dist.CLIENT). Loading the type is not possible, because it only exists in the CLIENT environment. The recommended fix is to annotate the method with this argument or return type with the same annotation. Lithium handles this error by assuming the class cannot be included in some optimizations.
[232月2025 12:58:53.406] [main/ERROR] [net.neoforged.fml.common.asm.RuntimeDistCleaner/DISTXFORM]: Attempted to load class net/minecraft/client/multiplayer/ClientLevel for invalid dist DEDICATED_SERVER
[232月2025 12:58:53.406] [main/WARN] [Radium Class Analysis/]: Radium Class Analysis Error: Class org.betterx.betterend.blocks.BrimstoneBlock cannot be analysed, because getting declared methods crashes with RuntimeException: Attempted to load class net/minecraft/client/multiplayer/ClientLevel for invalid dist DEDICATED_SERVER. This is usually caused by modded entities declaring methods that have a return type or parameter type that is annotated with @OnlyIn(Dist.CLIENT). Loading the type is not possible, because it only exists in the CLIENT environment. The recommended fix is to annotate the method with this argument or return type with the same annotation. Lithium handles this error by assuming the class cannot be included in some optimizations.
[232月2025 12:58:53.406] [main/ERROR] [net.neoforged.fml.common.asm.RuntimeDistCleaner/DISTXFORM]: Attempted to load class net/minecraft/client/multiplayer/ClientLevel for invalid dist DEDICATED_SERVER
[232月2025 12:58:53.407] [main/WARN] [Radium Class Analysis/]: Radium Class Analysis Error: Class org.betterx.betterend.blocks.BrimstoneBlock cannot be analysed, because getting declared methods crashes with RuntimeException: Attempted to load class net/minecraft/client/multiplayer/ClientLevel for invalid dist DEDICATED_SERVER. This is usually caused by modded entities declaring methods that have a return type or parameter type that is annotated with @OnlyIn(Dist.CLIENT). Loading the type is not possible, because it only exists in the CLIENT environment. The recommended fix is to annotate the method with this argument or return type with the same annotation. Lithium handles this error by assuming the class cannot be included in some optimizations.
[232月2025 12:58:53.509] [main/ERROR] [net.neoforged.fml.common.asm.RuntimeDistCleaner/DISTXFORM]: Attempted to load class net/minecraft/client/renderer/block/model/BlockModel for invalid dist DEDICATED_SERVER
[232月2025 12:58:53.509] [main/WARN] [Radium Class Analysis/]: Radium Class Analysis Error: Class org.betterx.bclib.blocks.BaseLeavesBlock cannot be analysed, because getting declared methods crashes with RuntimeException: Attempted to load class net/minecraft/client/renderer/block/model/BlockModel for invalid dist DEDICATED_SERVER. This is usually caused by modded entities declaring methods that have a return type or parameter type that is annotated with @OnlyIn(Dist.CLIENT). Loading the type is not possible, because it only exists in the CLIENT environment. The recommended fix is to annotate the method with this argument or return type with the same annotation. Lithium handles this error by assuming the class cannot be included in some optimizations.
[232月2025 12:58:53.510] [main/ERROR] [net.neoforged.fml.common.asm.RuntimeDistCleaner/DISTXFORM]: Attempted to load class net/minecraft/client/renderer/block/model/BlockModel for invalid dist DEDICATED_SERVER
[232月2025 12:58:53.510] [main/WARN] [Radium Class Analysis/]: Radium Class Analysis Error: Class org.betterx.bclib.blocks.BaseLeavesBlock cannot be analysed, because getting declared methods crashes with RuntimeException: Attempted to load class net/minecraft/client/renderer/block/model/BlockModel for invalid dist DEDICATED_SERVER. This is usually caused by modded entities declaring methods that have a return type or parameter type that is annotated with @OnlyIn(Dist.CLIENT). Loading the type is not possible, because it only exists in the CLIENT environment. The recommended fix is to annotate the method with this argument or return type with the same annotation. Lithium handles this error by assuming the class cannot be included in some optimizations.
[232月2025 12:58:53.532] [main/WARN] [Radium Class Analysis/]: Radium Class Analysis Error: Class org.betterx.betterend.blocks.TenaneaFlowersBlock cannot be analysed, because getting declared methods crashes with NoClassDefFoundError: net/minecraft/client/color/block/BlockColor. This is usually caused by modded entities declaring methods that have a return type or parameter type that is annotated with @OnlyIn(Dist.CLIENT). Loading the type is not possible, because it only exists in the CLIENT environment. The recommended fix is to annotate the method with this argument or return type with the same annotation. Lithium handles this error by assuming the class cannot be included in some optimizations.
[232月2025 12:58:53.532] [main/WARN] [Radium Class Analysis/]: Radium Class Analysis Error: Class org.betterx.betterend.blocks.TenaneaFlowersBlock cannot be analysed, because getting declared methods crashes with NoClassDefFoundError: net/minecraft/client/color/block/BlockColor. This is usually caused by modded entities declaring methods that have a return type or parameter type that is annotated with @OnlyIn(Dist.CLIENT). Loading the type is not possible, because it only exists in the CLIENT environment. The recommended fix is to annotate the method with this argument or return type with the same annotation. Lithium handles this error by assuming the class cannot be included in some optimizations.
[232月2025 12:58:53.536] [main/WARN] [Radium Class Analysis/]: Radium Class Analysis Error: Class org.betterx.betterend.blocks.HelixTreeLeavesBlock cannot be analysed, because getting declared methods crashes with NoClassDefFoundError: net/minecraft/client/color/block/BlockColor. This is usually caused by modded entities declaring methods that have a return type or parameter type that is annotated with @OnlyIn(Dist.CLIENT). Loading the type is not possible, because it only exists in the CLIENT environment. The recommended fix is to annotate the method with this argument or return type with the same annotation. Lithium handles this error by assuming the class cannot be included in some optimizations.
[232月2025 12:58:53.536] [main/WARN] [Radium Class Analysis/]: Radium Class Analysis Error: Class org.betterx.betterend.blocks.HelixTreeLeavesBlock cannot be analysed, because getting declared methods crashes with NoClassDefFoundError: net/minecraft/client/color/block/BlockColor. This is usually caused by modded entities declaring methods that have a return type or parameter type that is annotated with @OnlyIn(Dist.CLIENT). Loading the type is not possible, because it only exists in the CLIENT environment. The recommended fix is to annotate the method with this argument or return type with the same annotation. Lithium handles this error by assuming the class cannot be included in some optimizations.
[232月2025 12:58:53.545] [main/WARN] [Radium Class Analysis/]: Radium Class Analysis Error: Class org.betterx.betterend.blocks.JellyshroomCapBlock cannot be analysed, because getting declared methods crashes with NoClassDefFoundError: net/minecraft/client/color/block/BlockColor. This is usually caused by modded entities declaring methods that have a return type or parameter type that is annotated with @OnlyIn(Dist.CLIENT). Loading the type is not possible, because it only exists in the CLIENT environment. The recommended fix is to annotate the method with this argument or return type with the same annotation. Lithium handles this error by assuming the class cannot be included in some optimizations.
[232月2025 12:58:53.545] [main/WARN] [Radium Class Analysis/]: Radium Class Analysis Error: Class org.betterx.betterend.blocks.JellyshroomCapBlock cannot be analysed, because getting declared methods crashes with NoClassDefFoundError: net/minecraft/client/color/block/BlockColor. This is usually caused by modded entities declaring methods that have a return type or parameter type that is annotated with @OnlyIn(Dist.CLIENT). Loading the type is not possible, because it only exists in the CLIENT environment. The recommended fix is to annotate the method with this argument or return type with the same annotation. Lithium handles this error by assuming the class cannot be included in some optimizations.
[232月2025 12:58:53.572] [main/WARN] [Radium Class Analysis/]: Radium Class Analysis Error: Class org.betterx.betterend.blocks.HydraluxPetalColoredBlock cannot be analysed, because getting declared methods crashes with NoClassDefFoundError: net/minecraft/client/color/block/BlockColor. This is usually caused by modded entities declaring methods that have a return type or parameter type that is annotated with @OnlyIn(Dist.CLIENT). Loading the type is not possible, because it only exists in the CLIENT environment. The recommended fix is to annotate the method with this argument or return type with the same annotation. Lithium handles this error by assuming the class cannot be included in some optimizations.
[232月2025 12:58:53.572] [main/WARN] [Radium Class Analysis/]: Radium Class Analysis Error: Class org.betterx.betterend.blocks.HydraluxPetalColoredBlock cannot be analysed, because getting declared methods crashes with NoClassDefFoundError: net/minecraft/client/color/block/BlockColor. This is usually caused by modded entities declaring methods that have a return type or parameter type that is annotated with @OnlyIn(Dist.CLIENT). Loading the type is not possible, because it only exists in the CLIENT environment. The recommended fix is to annotate the method with this argument or return type with the same annotation. Lithium handles this error by assuming the class cannot be included in some optimizations.
[232月2025 12:58:53.578] [main/ERROR] [net.neoforged.fml.common.asm.RuntimeDistCleaner/DISTXFORM]: Attempted to load class net/minecraft/client/renderer/block/model/BlockModel for invalid dist DEDICATED_SERVER
[232月2025 12:58:53.578] [main/WARN] [Radium Class Analysis/]: Radium Class Analysis Error: Class org.betterx.bclib.blocks.BaseOreBlock cannot be analysed, because getting declared methods crashes with RuntimeException: Attempted to load class net/minecraft/client/renderer/block/model/BlockModel for invalid dist DEDICATED_SERVER. This is usually caused by modded entities declaring methods that have a return type or parameter type that is annotated with @OnlyIn(Dist.CLIENT). Loading the type is not possible, because it only exists in the CLIENT environment. The recommended fix is to annotate the method with this argument or return type with the same annotation. Lithium handles this error by assuming the class cannot be included in some optimizations.
[232月2025 12:58:53.579] [main/ERROR] [net.neoforged.fml.common.asm.RuntimeDistCleaner/DISTXFORM]: Attempted to load class net/minecraft/client/renderer/block/model/BlockModel for invalid dist DEDICATED_SERVER
[232月2025 12:58:53.579] [main/WARN] [Radium Class Analysis/]: Radium Class Analysis Error: Class org.betterx.bclib.blocks.BaseOreBlock cannot be analysed, because getting declared methods crashes with RuntimeException: Attempted to load class net/minecraft/client/renderer/block/model/BlockModel for invalid dist DEDICATED_SERVER. This is usually caused by modded entities declaring methods that have a return type or parameter type that is annotated with @OnlyIn(Dist.CLIENT). Loading the type is not possible, because it only exists in the CLIENT environment. The recommended fix is to annotate the method with this argument or return type with the same annotation. Lithium handles this error by assuming the class cannot be included in some optimizations.
[232月2025 12:58:53.588] [main/WARN] [Radium Class Analysis/]: Radium Class Analysis Error: Class org.betterx.betterend.blocks.BulbVineLanternColoredBlock cannot be analysed, because getting declared methods crashes with NoClassDefFoundError: net/minecraft/client/color/block/BlockColor. This is usually caused by modded entities declaring methods that have a return type or parameter type that is annotated with @OnlyIn(Dist.CLIENT). Loading the type is not possible, because it only exists in the CLIENT environment. The recommended fix is to annotate the method with this argument or return type with the same annotation. Lithium handles this error by assuming the class cannot be included in some optimizations.
[232月2025 12:58:53.589] [main/WARN] [Radium Class Analysis/]: Radium Class Analysis Error: Class org.betterx.betterend.blocks.BulbVineLanternColoredBlock cannot be analysed, because getting declared methods crashes with NoClassDefFoundError: net/minecraft/client/color/block/BlockColor. This is usually caused by modded entities declaring methods that have a return type or parameter type that is annotated with @OnlyIn(Dist.CLIENT). Loading the type is not possible, because it only exists in the CLIENT environment. The recommended fix is to annotate the method with this argument or return type with the same annotation. Lithium handles this error by assuming the class cannot be included in some optimizations.
[232月2025 12:58:53.593] [main/WARN] [Radium Class Analysis/]: Radium Class Analysis Error: Class org.betterx.betterend.blocks.AuroraCrystalBlock cannot be analysed, because getting declared methods crashes with NoClassDefFoundError: net/minecraft/client/color/block/BlockColor. This is usually caused by modded entities declaring methods that have a return type or parameter type that is annotated with @OnlyIn(Dist.CLIENT). Loading the type is not possible, because it only exists in the CLIENT environment. The recommended fix is to annotate the method with this argument or return type with the same annotation. Lithium handles this error by assuming the class cannot be included in some optimizations.
[232月2025 12:58:53.594] [main/WARN] [Radium Class Analysis/]: Radium Class Analysis Error: Class org.betterx.betterend.blocks.AuroraCrystalBlock cannot be analysed, because getting declared methods crashes with NoClassDefFoundError: net/minecraft/client/color/block/BlockColor. This is usually caused by modded entities declaring methods that have a return type or parameter type that is annotated with @OnlyIn(Dist.CLIENT). Loading the type is not possible, because it only exists in the CLIENT environment. The recommended fix is to annotate the method with this argument or return type with the same annotation. Lithium handles this error by assuming the class cannot be included in some optimizations.
[232月2025 12:58:53.600] [main/WARN] [Radium Class Analysis/]: Radium Class Analysis Error: Class org.betterx.betterend.blocks.RespawnObeliskBlock cannot be analysed, because getting declared methods crashes with NoClassDefFoundError: net/minecraft/client/color/block/BlockColor. This is usually caused by modded entities declaring methods that have a return type or parameter type that is annotated with @OnlyIn(Dist.CLIENT). Loading the type is not possible, because it only exists in the CLIENT environment. The recommended fix is to annotate the method with this argument or return type with the same annotation. Lithium handles this error by assuming the class cannot be included in some optimizations.
[232月2025 12:58:53.600] [main/WARN] [Radium Class Analysis/]: Radium Class Analysis Error: Class org.betterx.betterend.blocks.RespawnObeliskBlock cannot be analysed, because getting declared methods crashes with NoClassDefFoundError: net/minecraft/client/color/block/BlockColor. This is usually caused by modded entities declaring methods that have a return type or parameter type that is annotated with @OnlyIn(Dist.CLIENT). Loading the type is not possible, because it only exists in the CLIENT environment. The recommended fix is to annotate the method with this argument or return type with the same annotation. Lithium handles this error by assuming the class cannot be included in some optimizations.
[232月2025 12:58:53.603] [main/WARN] [Radium Class Analysis/]: Radium Class Analysis Error: Class org.betterx.betterend.blocks.EndPortalBlock cannot be analysed, because getting declared methods crashes with NoClassDefFoundError: net/minecraft/client/color/block/BlockColor. This is usually caused by modded entities declaring methods that have a return type or parameter type that is annotated with @OnlyIn(Dist.CLIENT). Loading the type is not possible, because it only exists in the CLIENT environment. The recommended fix is to annotate the method with this argument or return type with the same annotation. Lithium handles this error by assuming the class cannot be included in some optimizations.
[232月2025 12:58:53.604] [main/WARN] [Radium Class Analysis/]: Radium Class Analysis Error: Class org.betterx.betterend.blocks.EndPortalBlock cannot be analysed, because getting declared methods crashes with NoClassDefFoundError: net/minecraft/client/color/block/BlockColor. This is usually caused by modded entities declaring methods that have a return type or parameter type that is annotated with @OnlyIn(Dist.CLIENT). Loading the type is not possible, because it only exists in the CLIENT environment. The recommended fix is to annotate the method with this argument or return type with the same annotation. Lithium handles this error by assuming the class cannot be included in some optimizations.
[232月2025 12:58:53.964] [modloading-worker-0/INFO] [net.neoforged.neoforge.common.NeoForgeMod/NEOFORGE-MOD]: NeoForge mod loading, version 21.1.117, for MC 1.21.1
[232月2025 12:58:54.048] [modloading-worker-0/INFO] [dev.su5ed.sinytra.connectorextras.terrablenderbridge.TerraBlenderBridge/]: Injecting TerraBlender API classes
[232月2025 12:58:54.094] [modloading-worker-0/INFO] [twilightforest.beans.TFBeanContext/]: Starting Bean Context
[232月2025 12:58:54.110] [modloading-worker-0/INFO] [End Remastered/]: End Remastered config loaded with success
[232月2025 12:58:54.120] [modloading-worker-0/INFO] [End Remastered/]: End Remastered eyes loaded with success
[232月2025 12:58:54.321] [modloading-worker-0/INFO] [twilightforest.beans.TFBeanContext/]: Bean Context loaded in 227 ms
[232月2025 12:58:54.383] [modloading-worker-0/INFO] [owo/]: This custom packet isn't supported by Gadget - Add support via DrawPacketHandler.EVENT
[232月2025 12:58:54.660] [modloading-worker-0/INFO] [Arclight/]: Arclight Mod 已加载
[232月2025 12:58:54.683] [modloading-worker-0/INFO] [Arclight/]: Arclight 事件系统已注册
[232月2025 12:58:55.387] [modloading-sync-worker/INFO] [wover-core/]: Processing wover.datapack.registry Entrypoints
[232月2025 12:58:55.388] [modloading-sync-worker/INFO] [wover-core/]:     - Processing Entrypoint: org.betterx.wover.entrypoint.ItemDatapackRegistryEntrypoint
[232月2025 12:58:55.388] [modloading-sync-worker/INFO] [wover-core/]:     - Processing Entrypoint: org.betterx.wover.entrypoint.FeatureDatapackRegistryEntrypoint
[232月2025 12:58:55.388] [modloading-sync-worker/INFO] [wover-core/]:     - Processing Entrypoint: org.betterx.wover.entrypoint.StructureDatapackRegistryEntrypoint
[232月2025 12:58:55.389] [modloading-sync-worker/INFO] [wover-core/]:     - Processing Entrypoint: org.betterx.wover.entrypoint.SurfaceDatapackRegistryEntrypoint
[232月2025 12:58:55.389] [modloading-sync-worker/INFO] [wover-core/]:     - Processing Entrypoint: org.betterx.wover.entrypoint.BiomeDatapackRegistryEntrypoint
[232月2025 12:58:55.390] [modloading-sync-worker/INFO] [org.sinytra.connector.mod.ConnectorMod/]: Detected changes in WORLDGEN_REGISTRIES, updating NeoForge references
[232月2025 12:58:55.577] [modloading-sync-worker/ERROR] [net.neoforged.fml.common.asm.RuntimeDistCleaner/DISTXFORM]: Attempted to load class net/minecraft/client/multiplayer/ClientLevel for invalid dist DEDICATED_SERVER
[232月2025 12:58:55.577] [modloading-sync-worker/WARN] [Radium Class Analysis/]: Radium Class Analysis Error: Class twilightforest.block.TrollsteinnBlock cannot be analysed, because getting declared methods crashes with RuntimeException: Attempted to load class net/minecraft/client/multiplayer/ClientLevel for invalid dist DEDICATED_SERVER. This is usually caused by modded entities declaring methods that have a return type or parameter type that is annotated with @OnlyIn(Dist.CLIENT). Loading the type is not possible, because it only exists in the CLIENT environment. The recommended fix is to annotate the method with this argument or return type with the same annotation. Lithium handles this error by assuming the class cannot be included in some optimizations.
[232月2025 12:58:55.578] [modloading-sync-worker/ERROR] [net.neoforged.fml.common.asm.RuntimeDistCleaner/DISTXFORM]: Attempted to load class net/minecraft/client/multiplayer/ClientLevel for invalid dist DEDICATED_SERVER
[232月2025 12:58:55.578] [modloading-sync-worker/WARN] [Radium Class Analysis/]: Radium Class Analysis Error: Class twilightforest.block.TrollsteinnBlock cannot be analysed, because getting declared methods crashes with RuntimeException: Attempted to load class net/minecraft/client/multiplayer/ClientLevel for invalid dist DEDICATED_SERVER. This is usually caused by modded entities declaring methods that have a return type or parameter type that is annotated with @OnlyIn(Dist.CLIENT). Loading the type is not possible, because it only exists in the CLIENT environment. The recommended fix is to annotate the method with this argument or return type with the same annotation. Lithium handles this error by assuming the class cannot be included in some optimizations.
[232月2025 12:58:55.966] [modloading-sync-worker/INFO] [Moonlight/]: Initialized block sets in 12ms
[232月2025 12:58:57.148] [modloading-sync-worker/WARN] [Radium Class Analysis/]: Radium Class Analysis Error: Class org.betterx.betterend.blocks.basis.StoneLanternBlock cannot be analysed, because getting declared methods crashes with NoClassDefFoundError: net/minecraft/client/color/block/BlockColor. This is usually caused by modded entities declaring methods that have a return type or parameter type that is annotated with @OnlyIn(Dist.CLIENT). Loading the type is not possible, because it only exists in the CLIENT environment. The recommended fix is to annotate the method with this argument or return type with the same annotation. Lithium handles this error by assuming the class cannot be included in some optimizations.
[232月2025 12:58:57.342] [modloading-sync-worker/ERROR] [net.neoforged.fml.common.asm.RuntimeDistCleaner/DISTXFORM]: Attempted to load class net/minecraft/client/multiplayer/ClientLevel for invalid dist DEDICATED_SERVER
[232月2025 12:58:57.342] [modloading-sync-worker/WARN] [Radium Class Analysis/]: Radium Class Analysis Error: Class org.betterx.betterend.blocks.BrimstoneBlock cannot be analysed, because getting declared methods crashes with RuntimeException: Attempted to load class net/minecraft/client/multiplayer/ClientLevel for invalid dist DEDICATED_SERVER. This is usually caused by modded entities declaring methods that have a return type or parameter type that is annotated with @OnlyIn(Dist.CLIENT). Loading the type is not possible, because it only exists in the CLIENT environment. The recommended fix is to annotate the method with this argument or return type with the same annotation. Lithium handles this error by assuming the class cannot be included in some optimizations.
[232月2025 12:58:57.373] [modloading-sync-worker/WARN] [Radium Class Analysis/]: Radium Class Analysis Error: Class org.betterx.betterend.blocks.TenaneaFlowersBlock cannot be analysed, because getting declared methods crashes with NoClassDefFoundError: net/minecraft/client/color/block/BlockColor. This is usually caused by modded entities declaring methods that have a return type or parameter type that is annotated with @OnlyIn(Dist.CLIENT). Loading the type is not possible, because it only exists in the CLIENT environment. The recommended fix is to annotate the method with this argument or return type with the same annotation. Lithium handles this error by assuming the class cannot be included in some optimizations.
[232月2025 12:58:57.375] [modloading-sync-worker/WARN] [Radium Class Analysis/]: Radium Class Analysis Error: Class org.betterx.betterend.blocks.HelixTreeLeavesBlock cannot be analysed, because getting declared methods crashes with NoClassDefFoundError: net/minecraft/client/color/block/BlockColor. This is usually caused by modded entities declaring methods that have a return type or parameter type that is annotated with @OnlyIn(Dist.CLIENT). Loading the type is not possible, because it only exists in the CLIENT environment. The recommended fix is to annotate the method with this argument or return type with the same annotation. Lithium handles this error by assuming the class cannot be included in some optimizations.
[232月2025 12:58:57.378] [modloading-sync-worker/WARN] [Radium Class Analysis/]: Radium Class Analysis Error: Class org.betterx.betterend.blocks.JellyshroomCapBlock cannot be analysed, because getting declared methods crashes with NoClassDefFoundError: net/minecraft/client/color/block/BlockColor. This is usually caused by modded entities declaring methods that have a return type or parameter type that is annotated with @OnlyIn(Dist.CLIENT). Loading the type is not possible, because it only exists in the CLIENT environment. The recommended fix is to annotate the method with this argument or return type with the same annotation. Lithium handles this error by assuming the class cannot be included in some optimizations.
[232月2025 12:58:57.386] [modloading-sync-worker/WARN] [Radium Class Analysis/]: Radium Class Analysis Error: Class org.betterx.betterend.blocks.HydraluxPetalColoredBlock cannot be analysed, because getting declared methods crashes with NoClassDefFoundError: net/minecraft/client/color/block/BlockColor. This is usually caused by modded entities declaring methods that have a return type or parameter type that is annotated with @OnlyIn(Dist.CLIENT). Loading the type is not possible, because it only exists in the CLIENT environment. The recommended fix is to annotate the method with this argument or return type with the same annotation. Lithium handles this error by assuming the class cannot be included in some optimizations.
[232月2025 12:58:57.387] [modloading-sync-worker/ERROR] [net.neoforged.fml.common.asm.RuntimeDistCleaner/DISTXFORM]: Attempted to load class net/minecraft/client/renderer/block/model/BlockModel for invalid dist DEDICATED_SERVER
[232月2025 12:58:57.387] [modloading-sync-worker/WARN] [Radium Class Analysis/]: Radium Class Analysis Error: Class org.betterx.bclib.blocks.BaseOreBlock cannot be analysed, because getting declared methods crashes with RuntimeException: Attempted to load class net/minecraft/client/renderer/block/model/BlockModel for invalid dist DEDICATED_SERVER. This is usually caused by modded entities declaring methods that have a return type or parameter type that is annotated with @OnlyIn(Dist.CLIENT). Loading the type is not possible, because it only exists in the CLIENT environment. The recommended fix is to annotate the method with this argument or return type with the same annotation. Lithium handles this error by assuming the class cannot be included in some optimizations.
[232月2025 12:58:57.388] [modloading-sync-worker/WARN] [Radium Class Analysis/]: Radium Class Analysis Error: Class org.betterx.betterend.blocks.BulbVineLanternColoredBlock cannot be analysed, because getting declared methods crashes with NoClassDefFoundError: net/minecraft/client/color/block/BlockColor. This is usually caused by modded entities declaring methods that have a return type or parameter type that is annotated with @OnlyIn(Dist.CLIENT). Loading the type is not possible, because it only exists in the CLIENT environment. The recommended fix is to annotate the method with this argument or return type with the same annotation. Lithium handles this error by assuming the class cannot be included in some optimizations.
[232月2025 12:58:57.389] [modloading-sync-worker/WARN] [Radium Class Analysis/]: Radium Class Analysis Error: Class org.betterx.betterend.blocks.AuroraCrystalBlock cannot be analysed, because getting declared methods crashes with NoClassDefFoundError: net/minecraft/client/color/block/BlockColor. This is usually caused by modded entities declaring methods that have a return type or parameter type that is annotated with @OnlyIn(Dist.CLIENT). Loading the type is not possible, because it only exists in the CLIENT environment. The recommended fix is to annotate the method with this argument or return type with the same annotation. Lithium handles this error by assuming the class cannot be included in some optimizations.
[232月2025 12:58:57.392] [modloading-sync-worker/WARN] [Radium Class Analysis/]: Radium Class Analysis Error: Class org.betterx.betterend.blocks.RespawnObeliskBlock cannot be analysed, because getting declared methods crashes with NoClassDefFoundError: net/minecraft/client/color/block/BlockColor. This is usually caused by modded entities declaring methods that have a return type or parameter type that is annotated with @OnlyIn(Dist.CLIENT). Loading the type is not possible, because it only exists in the CLIENT environment. The recommended fix is to annotate the method with this argument or return type with the same annotation. Lithium handles this error by assuming the class cannot be included in some optimizations.
[232月2025 12:58:57.396] [modloading-sync-worker/WARN] [Radium Class Analysis/]: Radium Class Analysis Error: Class org.betterx.betterend.blocks.EndPortalBlock cannot be analysed, because getting declared methods crashes with NoClassDefFoundError: net/minecraft/client/color/block/BlockColor. This is usually caused by modded entities declaring methods that have a return type or parameter type that is annotated with @OnlyIn(Dist.CLIENT). Loading the type is not possible, because it only exists in the CLIENT environment. The recommended fix is to annotate the method with this argument or return type with the same annotation. Lithium handles this error by assuming the class cannot be included in some optimizations.
[232月2025 12:58:58.062] [modloading-sync-worker/ERROR] [net.neoforged.fml.common.asm.RuntimeDistCleaner/DISTXFORM]: Attempted to load class net/minecraft/client/multiplayer/ClientLevel for invalid dist DEDICATED_SERVER
[232月2025 12:58:58.062] [modloading-sync-worker/WARN] [Radium Class Analysis/]: Radium Class Analysis Error: Class twilightforest.block.TrollsteinnBlock cannot be analysed, because getting declared methods crashes with RuntimeException: Attempted to load class net/minecraft/client/multiplayer/ClientLevel for invalid dist DEDICATED_SERVER. This is usually caused by modded entities declaring methods that have a return type or parameter type that is annotated with @OnlyIn(Dist.CLIENT). Loading the type is not possible, because it only exists in the CLIENT environment. The recommended fix is to annotate the method with this argument or return type with the same annotation. Lithium handles this error by assuming the class cannot be included in some optimizations.
[232月2025 12:58:58.242] [modloading-sync-worker/WARN] [net.neoforged.fml.config.ConfigTracker/]: Opening a config that was already loaded with value LoadedConfig[config=SynchronizedConfig{DataHolder:{scarecrow=SynchronizedConfig{DataHolder:{mobs_whitelist=[], mobs_blacklist=[], scare_radius=12}}, general=SynchronizedConfig{DataHolder:{DPS_mode=DYNAMIC, disable_equipment_damage=true, dummy_decoy=false, boss_health_bar_color=YELLOW, xp_per_damage_on_hit=0.0, boss_health=200}}, mobs_damage_numbers=SynchronizedConfig{DataHolder:{damage_mode=NONE, healing_mode=NONE}}}}, path=D:\AutumnCraft-Server\AutumnCraft-Server\config\dummmmmmy-common.toml, modConfig=net.neoforged.fml.config.ModConfig@35b87f90] at path dummmmmmy-common.toml
[232月2025 12:58:58.247] [modloading-sync-worker/INFO] [com.tom.storagemod.StorageMod/]: Loaded Tom's Simple Storage config file toms_storage-common.toml
[232月2025 12:58:58.271] [modloading-worker-0/INFO] [com.tom.storagemod.StorageMod/]: Tom's Storage Setup starting
[232月2025 12:58:58.274] [modloading-worker-0/INFO] [FTB XMod Compat/]: Chose [Entity Tags] as the active game stages implementation
[232月2025 12:58:58.279] [modloading-worker-0/INFO] [voicechat/]: [voicechat] Compatibility version 18
[232月2025 12:58:58.283] [modloading-worker-0/INFO] [FTB XMod Compat/]: Chose [FALLBACK] as the active permissions implementation
[232月2025 12:58:58.287] [modloading-worker-0/INFO] [FTB XMod Compat/]: [FTB Chunks] Enabled Waystones integration
[232月2025 12:58:58.290] [Immersive Engineering Contributors Thread/INFO] [immersiveengineering/]: Attempting to download special revolvers from GitHub
[232月2025 12:58:58.298] [modloading-worker-0/ERROR] [patchouli/]: Failed to load book betterend:guidebook defined by mod betterend, skipping
java.lang.IllegalArgumentException: Book betterend:guidebook has use_resource_pack set to false. This behaviour was removed in 1.20. The book author should enable this flag and move all book contents clientside to /assets/, leaving the book.json in /data/. See https://vazkiimods.github.io/Patchouli/docs/upgrading/upgrade-guide-120 for details.
	at TRANSFORMER/patchouli@1.21-88-NEOFORGE/vazkii.patchouli.common.book.Book.<init>(Book.java:146) ~[%5B帕秋莉手册%5D%20Patchouli-1.21-88-NEOFORGE.jar%23275!/:1.21-88-NEOFORGE] {re:classloading}
	at TRANSFORMER/patchouli@1.21-88-NEOFORGE/vazkii.patchouli.common.book.BookRegistry.loadBook(BookRegistry.java:90) ~[%5B帕秋莉手册%5D%20Patchouli-1.21-88-NEOFORGE.jar%23275!/:1.21-88-NEOFORGE] {re:classloading}
	at TRANSFORMER/patchouli@1.21-88-NEOFORGE/vazkii.patchouli.common.book.BookRegistry.lambda$init$3(BookRegistry.java:75) ~[%5B帕秋莉手册%5D%20Patchouli-1.21-88-NEOFORGE.jar%23275!/:1.21-88-NEOFORGE] {re:classloading}
	at java.base/java.util.HashMap.forEach(HashMap.java:1429) ~[?:?] {re:mixin}
	at TRANSFORMER/patchouli@1.21-88-NEOFORGE/vazkii.patchouli.common.book.BookRegistry.init(BookRegistry.java:70) ~[%5B帕秋莉手册%5D%20Patchouli-1.21-88-NEOFORGE.jar%23275!/:1.21-88-NEOFORGE] {re:classloading}
	at TRANSFORMER/patchouli@1.21-88-NEOFORGE/vazkii.patchouli.neoforge.common.NeoForgeModInitializer.onInitialize(NeoForgeModInitializer.java:86) ~[%5B帕秋莉手册%5D%20Patchouli-1.21-88-NEOFORGE.jar%23275!/:1.21-88-NEOFORGE] {re:classloading}
	at MC-BOOTSTRAP/net.neoforged.bus/net.neoforged.bus.EventBus.post(EventBus.java:350) ~[bus-8.0.2.jar%2399!/:?] {}
	at MC-BOOTSTRAP/net.neoforged.bus/net.neoforged.bus.EventBus.post(EventBus.java:315) ~[bus-8.0.2.jar%2399!/:?] {}
	at MC-BOOTSTRAP/fml_loader@4.0.35/net.neoforged.fml.ModContainer.acceptEvent(ModContainer.java:158) ~[loader-4.0.35.jar%2392!/:4.0] {re:mixin}
	at MC-BOOTSTRAP/fml_loader@4.0.35/net.neoforged.fml.ModLoader.lambda$dispatchParallelEvent$4(ModLoader.java:172) ~[loader-4.0.35.jar%2392!/:4.0] {}
	at MC-BOOTSTRAP/fml_loader@4.0.35/net.neoforged.fml.ModLoader.lambda$dispatchParallelTask$7(ModLoader.java:231) ~[loader-4.0.35.jar%2392!/:4.0] {}
	at java.base/java.util.concurrent.CompletableFuture.uniHandle(CompletableFuture.java:934) [?:?] {re:mixin}
	at java.base/java.util.concurrent.CompletableFuture$UniHandle.tryFire(CompletableFuture.java:911) [?:?] {}
	at java.base/java.util.concurrent.CompletableFuture$Completion.exec(CompletableFuture.java:483) [?:?] {}
	at java.base/java.util.concurrent.ForkJoinTask.doExec(ForkJoinTask.java:387) [?:?] {}
	at java.base/java.util.concurrent.ForkJoinPool$WorkQueue.topLevelExec(ForkJoinPool.java:1312) [?:?] {}
	at java.base/java.util.concurrent.ForkJoinPool.scan(ForkJoinPool.java:1843) [?:?] {re:mixin,re:computing_frames}
	at java.base/java.util.concurrent.ForkJoinPool.runWorker(ForkJoinPool.java:1808) [?:?] {re:mixin,re:computing_frames}
	at java.base/java.util.concurrent.ForkJoinWorkerThread.run(ForkJoinWorkerThread.java:188) [?:?] {re:mixin}
[232月2025 12:58:58.300] [modloading-worker-0/INFO] [net.zjjohn121110.aethersdelight.AethersDelight/]: HELLO FROM COMMON SETUP
[232月2025 12:58:58.300] [modloading-worker-0/INFO] [net.zjjohn121110.aethersdelight.AethersDelight/]: DIRT BLOCK >> minecraft:dirt
[232月2025 12:58:58.300] [modloading-worker-0/INFO] [net.zjjohn121110.aethersdelight.AethersDelight/]: The magic number is... 42
[232月2025 12:58:58.300] [modloading-worker-0/INFO] [net.zjjohn121110.aethersdelight.AethersDelight/]: ITEM >> minecraft:iron_ingot
[232月2025 12:58:58.355] [modloading-worker-0/INFO] [voicechat/]: [voicechat] Loading plugins
[232月2025 12:58:58.361] [modloading-worker-0/INFO] [voicechat/]: [voicechat] Loaded 0 plugin(s)
[232月2025 12:58:58.361] [modloading-worker-0/INFO] [voicechat/]: [voicechat] Initializing plugins
[232月2025 12:58:58.361] [modloading-worker-0/INFO] [voicechat/]: [voicechat] Initialized 0 plugin(s)
[232月2025 12:58:58.430] [Forge Version Check/INFO] [net.neoforged.fml.VersionChecker/]: [aether] Starting version check at https://github.com/The-Aether-Team/The-Aether/raw/1.21.1-develop/update.json
[232月2025 12:58:58.435] [modloading-sync-worker/INFO] [terrablender/]: Registered region minecraft:overworld to index 0 for type OVERWORLD
[232月2025 12:58:58.436] [modloading-sync-worker/INFO] [terrablender/]: Registered region minecraft:nether to index 0 for type NETHER
[232月2025 12:58:58.436] [modloading-sync-worker/INFO] [terrablender/]: Registered region biomesoplenty:overworld_primary to index 1 for type OVERWORLD
[232月2025 12:58:58.436] [modloading-sync-worker/INFO] [terrablender/]: Registered region biomesoplenty:overworld_secondary to index 2 for type OVERWORLD
[232月2025 12:58:58.436] [modloading-sync-worker/INFO] [terrablender/]: Registered region biomesoplenty:overworld_rare to index 3 for type OVERWORLD
[232月2025 12:58:58.436] [modloading-sync-worker/INFO] [terrablender/]: Registered region biomesoplenty:nether_common to index 1 for type NETHER
[232月2025 12:58:58.436] [modloading-sync-worker/INFO] [terrablender/]: Registered region biomesoplenty:nether_rare to index 2 for type NETHER
[232月2025 12:58:58.469] [modloading-sync-worker/INFO] [Moonlight/]: Initialized color sets in 26ms
[232月2025 12:58:58.473] [modloading-sync-worker/INFO] [Apotheosis : Spawner/]: Banned 2 mobs from being applicable to spawners.
[232月2025 12:58:58.526] [Immersive Engineering Contributors Thread/INFO] [immersiveengineering/]: Could not load contributor+special revolver list.
javax.net.ssl.SSLHandshakeException: PKIX path building failed: sun.security.provider.certpath.SunCertPathBuilderException: unable to find valid certification path to requested target
	at java.base/sun.security.ssl.Alert.createSSLException(Alert.java:130) ~[?:?] {}
	at java.base/sun.security.ssl.TransportContext.fatal(TransportContext.java:383) ~[?:?] {}
	at java.base/sun.security.ssl.TransportContext.fatal(TransportContext.java:326) ~[?:?] {}
	at java.base/sun.security.ssl.TransportContext.fatal(TransportContext.java:321) ~[?:?] {}
	at java.base/sun.security.ssl.CertificateMessage$T13CertificateConsumer.checkServerCerts(CertificateMessage.java:1318) ~[?:?] {}
	at java.base/sun.security.ssl.CertificateMessage$T13CertificateConsumer.onConsumeCertificate(CertificateMessage.java:1195) ~[?:?] {}
	at java.base/sun.security.ssl.CertificateMessage$T13CertificateConsumer.consume(CertificateMessage.java:1138) ~[?:?] {}
	at java.base/sun.security.ssl.SSLHandshake.consume(SSLHandshake.java:393) ~[?:?] {}
	at java.base/sun.security.ssl.HandshakeContext.dispatch(HandshakeContext.java:476) ~[?:?] {}
	at java.base/sun.security.ssl.HandshakeContext.dispatch(HandshakeContext.java:447) ~[?:?] {}
	at java.base/sun.security.ssl.TransportContext.dispatch(TransportContext.java:206) ~[?:?] {}
	at java.base/sun.security.ssl.SSLTransport.decode(SSLTransport.java:172) ~[?:?] {}
	at java.base/sun.security.ssl.SSLSocketImpl.decode(SSLSocketImpl.java:1506) ~[?:?] {}
	at java.base/sun.security.ssl.SSLSocketImpl.readHandshakeRecord(SSLSocketImpl.java:1421) ~[?:?] {}
	at java.base/sun.security.ssl.SSLSocketImpl.startHandshake(SSLSocketImpl.java:455) ~[?:?] {}
	at java.base/sun.security.ssl.SSLSocketImpl.startHandshake(SSLSocketImpl.java:426) ~[?:?] {}
	at java.base/sun.net.www.protocol.https.HttpsClient.afterConnect(HttpsClient.java:586) ~[?:?] {}
	at java.base/sun.net.www.protocol.https.AbstractDelegateHttpsURLConnection.connect(AbstractDelegateHttpsURLConnection.java:187) ~[?:?] {}
	at java.base/sun.net.www.protocol.http.HttpURLConnection.getInputStream0(HttpURLConnection.java:1690) ~[?:?] {}
	at java.base/sun.net.www.protocol.http.HttpURLConnection.getInputStream(HttpURLConnection.java:1614) ~[?:?] {}
	at java.base/sun.net.www.protocol.https.HttpsURLConnectionImpl.getInputStream(HttpsURLConnectionImpl.java:223) ~[?:?] {}
	at java.base/java.net.URL.openStream(URL.java:1325) ~[?:?] {}
	at TRANSFORMER/immersiveengineering@12.0.0-182/blusunrize.immersiveengineering.ImmersiveEngineering$ThreadContributorSpecialsDownloader.run(ImmersiveEngineering.java:318) [%5B沉浸工程%5D%20ImmersiveEngineering-1.21.1-12.0.0-182.jar%23285!/:?] {re:classloading}
Caused by: sun.security.validator.ValidatorException: PKIX path building failed: sun.security.provider.certpath.SunCertPathBuilderException: unable to find valid certification path to requested target
	at java.base/sun.security.validator.PKIXValidator.doBuild(PKIXValidator.java:388) ~[?:?] {}
	at java.base/sun.security.validator.PKIXValidator.engineValidate(PKIXValidator.java:271) ~[?:?] {}
	at java.base/sun.security.validator.Validator.validate(Validator.java:256) ~[?:?] {}
	at java.base/sun.security.ssl.X509TrustManagerImpl.checkTrusted(X509TrustManagerImpl.java:230) ~[?:?] {}
	at java.base/sun.security.ssl.X509TrustManagerImpl.checkServerTrusted(X509TrustManagerImpl.java:132) ~[?:?] {}
	at java.base/sun.security.ssl.CertificateMessage$T13CertificateConsumer.checkServerCerts(CertificateMessage.java:1302) ~[?:?] {}
	... 18 more
Caused by: sun.security.provider.certpath.SunCertPathBuilderException: unable to find valid certification path to requested target
	at java.base/sun.security.provider.certpath.SunCertPathBuilder.build(SunCertPathBuilder.java:148) ~[?:?] {}
	at java.base/sun.security.provider.certpath.SunCertPathBuilder.engineBuild(SunCertPathBuilder.java:129) ~[?:?] {}
	at java.base/java.security.cert.CertPathBuilder.build(CertPathBuilder.java:297) ~[?:?] {}
	at java.base/sun.security.validator.PKIXValidator.doBuild(PKIXValidator.java:383) ~[?:?] {}
	at java.base/sun.security.validator.PKIXValidator.engineValidate(PKIXValidator.java:271) ~[?:?] {}
	at java.base/sun.security.validator.Validator.validate(Validator.java:256) ~[?:?] {}
	at java.base/sun.security.ssl.X509TrustManagerImpl.checkTrusted(X509TrustManagerImpl.java:230) ~[?:?] {}
	at java.base/sun.security.ssl.X509TrustManagerImpl.checkServerTrusted(X509TrustManagerImpl.java:132) ~[?:?] {}
	at java.base/sun.security.ssl.CertificateMessage$T13CertificateConsumer.checkServerCerts(CertificateMessage.java:1302) ~[?:?] {}
	... 18 more
[232月2025 12:58:58.528] [Forge Version Check/WARN] [net.neoforged.fml.VersionChecker/]: Failed to process update information
javax.net.ssl.SSLHandshakeException: PKIX path building failed: sun.security.provider.certpath.SunCertPathBuilderException: unable to find valid certification path to requested target
	at java.net.http/jdk.internal.net.http.HttpClientImpl.send(HttpClientImpl.java:956) ~[java.net.http:?] {}
	at java.net.http/jdk.internal.net.http.HttpClientFacade.send(HttpClientFacade.java:133) ~[java.net.http:?] {}
	at MC-BOOTSTRAP/fml_loader@4.0.35/net.neoforged.fml.VersionChecker$1.openUrlString(VersionChecker.java:129) ~[loader-4.0.35.jar%2392!/:4.0] {}
	at MC-BOOTSTRAP/fml_loader@4.0.35/net.neoforged.fml.VersionChecker$1.process(VersionChecker.java:162) ~[loader-4.0.35.jar%2392!/:4.0] {}
	at java.base/java.lang.Iterable.forEach(Iterable.java:75) [?:?] {re:mixin}
	at MC-BOOTSTRAP/fml_loader@4.0.35/net.neoforged.fml.VersionChecker$1.run(VersionChecker.java:105) [loader-4.0.35.jar%2392!/:4.0] {}
Caused by: javax.net.ssl.SSLHandshakeException: PKIX path building failed: sun.security.provider.certpath.SunCertPathBuilderException: unable to find valid certification path to requested target
	at java.base/sun.security.ssl.Alert.createSSLException(Alert.java:130) ~[?:?] {}
	at java.base/sun.security.ssl.TransportContext.fatal(TransportContext.java:383) ~[?:?] {}
	at java.base/sun.security.ssl.TransportContext.fatal(TransportContext.java:326) ~[?:?] {}
	at java.base/sun.security.ssl.TransportContext.fatal(TransportContext.java:321) ~[?:?] {}
	at java.base/sun.security.ssl.CertificateMessage$T13CertificateConsumer.checkServerCerts(CertificateMessage.java:1318) ~[?:?] {}
	at java.base/sun.security.ssl.CertificateMessage$T13CertificateConsumer.onConsumeCertificate(CertificateMessage.java:1195) ~[?:?] {}
	at java.base/sun.security.ssl.CertificateMessage$T13CertificateConsumer.consume(CertificateMessage.java:1138) ~[?:?] {}
	at java.base/sun.security.ssl.SSLHandshake.consume(SSLHandshake.java:393) ~[?:?] {}
	at java.base/sun.security.ssl.HandshakeContext.dispatch(HandshakeContext.java:476) ~[?:?] {}
	at java.base/sun.security.ssl.SSLEngineImpl$DelegatedTask$DelegatedAction.run(SSLEngineImpl.java:1273) ~[?:?] {}
	at java.base/sun.security.ssl.SSLEngineImpl$DelegatedTask$DelegatedAction.run(SSLEngineImpl.java:1260) ~[?:?] {}
	at java.base/java.security.AccessController.doPrivileged(AccessController.java:714) ~[?:?] {}
	at java.base/sun.security.ssl.SSLEngineImpl$DelegatedTask.run(SSLEngineImpl.java:1205) ~[?:?] {}
	at java.base/java.util.ArrayList.forEach(ArrayList.java:1596) ~[?:?] {re:mixin}
	at java.net.http/jdk.internal.net.http.common.SSLFlowDelegate.lambda$executeTasks$3(SSLFlowDelegate.java:1148) ~[java.net.http:?] {}
	at java.net.http/jdk.internal.net.http.HttpClientImpl$DelegatingExecutor.execute(HttpClientImpl.java:177) ~[java.net.http:?] {}
	at java.net.http/jdk.internal.net.http.common.SSLFlowDelegate.executeTasks(SSLFlowDelegate.java:1143) ~[java.net.http:?] {}
	at java.net.http/jdk.internal.net.http.common.SSLFlowDelegate.doHandshake(SSLFlowDelegate.java:1109) ~[java.net.http:?] {}
	at java.net.http/jdk.internal.net.http.common.SSLFlowDelegate$Reader.processData(SSLFlowDelegate.java:508) ~[java.net.http:?] {}
	at java.net.http/jdk.internal.net.http.common.SSLFlowDelegate$Reader$ReaderDownstreamPusher.run(SSLFlowDelegate.java:283) ~[java.net.http:?] {}
	at java.net.http/jdk.internal.net.http.common.SequentialScheduler$LockingRestartableTask.run(SequentialScheduler.java:182) ~[java.net.http:?] {}
	at java.net.http/jdk.internal.net.http.common.SequentialScheduler$CompleteRestartableTask.run(SequentialScheduler.java:149) ~[java.net.http:?] {}
	at java.net.http/jdk.internal.net.http.common.SequentialScheduler$TryEndDeferredCompleter.complete(SequentialScheduler.java:324) ~[java.net.http:?] {}
	at java.net.http/jdk.internal.net.http.common.SequentialScheduler$CompleteRestartableTask.run(SequentialScheduler.java:151) ~[java.net.http:?] {}
	at java.net.http/jdk.internal.net.http.common.SequentialScheduler$SchedulableTask.run(SequentialScheduler.java:207) ~[java.net.http:?] {}
	at java.base/java.util.concurrent.ThreadPoolExecutor.runWorker(ThreadPoolExecutor.java:1144) ~[?:?] {}
	at java.base/java.util.concurrent.ThreadPoolExecutor$Worker.run(ThreadPoolExecutor.java:642) ~[?:?] {}
	at java.base/java.lang.Thread.run(Thread.java:1583) ~[?:?] {re:mixin}
Caused by: sun.security.validator.ValidatorException: PKIX path building failed: sun.security.provider.certpath.SunCertPathBuilderException: unable to find valid certification path to requested target
	at java.base/sun.security.validator.PKIXValidator.doBuild(PKIXValidator.java:388) ~[?:?] {}
	at java.base/sun.security.validator.PKIXValidator.engineValidate(PKIXValidator.java:271) ~[?:?] {}
	at java.base/sun.security.validator.Validator.validate(Validator.java:256) ~[?:?] {}
	at java.base/sun.security.ssl.X509TrustManagerImpl.checkTrusted(X509TrustManagerImpl.java:284) ~[?:?] {}
	at java.base/sun.security.ssl.X509TrustManagerImpl.checkServerTrusted(X509TrustManagerImpl.java:144) ~[?:?] {}
	at java.base/sun.security.ssl.CertificateMessage$T13CertificateConsumer.checkServerCerts(CertificateMessage.java:1296) ~[?:?] {}
	at java.base/sun.security.ssl.CertificateMessage$T13CertificateConsumer.onConsumeCertificate(CertificateMessage.java:1195) ~[?:?] {}
	at java.base/sun.security.ssl.CertificateMessage$T13CertificateConsumer.consume(CertificateMessage.java:1138) ~[?:?] {}
	at java.base/sun.security.ssl.SSLHandshake.consume(SSLHandshake.java:393) ~[?:?] {}
	at java.base/sun.security.ssl.HandshakeContext.dispatch(HandshakeContext.java:476) ~[?:?] {}
	at java.base/sun.security.ssl.SSLEngineImpl$DelegatedTask$DelegatedAction.run(SSLEngineImpl.java:1273) ~[?:?] {}
	at java.base/sun.security.ssl.SSLEngineImpl$DelegatedTask$DelegatedAction.run(SSLEngineImpl.java:1260) ~[?:?] {}
	at java.base/java.security.AccessController.doPrivileged(AccessController.java:714) ~[?:?] {}
	at java.base/sun.security.ssl.SSLEngineImpl$DelegatedTask.run(SSLEngineImpl.java:1205) ~[?:?] {}
	at java.base/java.util.ArrayList.forEach(ArrayList.java:1596) ~[?:?] {re:mixin}
	at java.net.http/jdk.internal.net.http.common.SSLFlowDelegate.lambda$executeTasks$3(SSLFlowDelegate.java:1148) ~[java.net.http:?] {}
	at java.net.http/jdk.internal.net.http.HttpClientImpl$DelegatingExecutor.execute(HttpClientImpl.java:177) ~[java.net.http:?] {}
	at java.net.http/jdk.internal.net.http.common.SSLFlowDelegate.executeTasks(SSLFlowDelegate.java:1143) ~[java.net.http:?] {}
	at java.net.http/jdk.internal.net.http.common.SSLFlowDelegate.doHandshake(SSLFlowDelegate.java:1109) ~[java.net.http:?] {}
	at java.net.http/jdk.internal.net.http.common.SSLFlowDelegate$Reader.processData(SSLFlowDelegate.java:508) ~[java.net.http:?] {}
	at java.net.http/jdk.internal.net.http.common.SSLFlowDelegate$Reader$ReaderDownstreamPusher.run(SSLFlowDelegate.java:283) ~[java.net.http:?] {}
	at java.net.http/jdk.internal.net.http.common.SequentialScheduler$LockingRestartableTask.run(SequentialScheduler.java:182) ~[java.net.http:?] {}
	at java.net.http/jdk.internal.net.http.common.SequentialScheduler$CompleteRestartableTask.run(SequentialScheduler.java:149) ~[java.net.http:?] {}
	at java.net.http/jdk.internal.net.http.common.SequentialScheduler$TryEndDeferredCompleter.complete(SequentialScheduler.java:324) ~[java.net.http:?] {}
	at java.net.http/jdk.internal.net.http.common.SequentialScheduler$CompleteRestartableTask.run(SequentialScheduler.java:151) ~[java.net.http:?] {}
	at java.net.http/jdk.internal.net.http.common.SequentialScheduler$SchedulableTask.run(SequentialScheduler.java:207) ~[java.net.http:?] {}
	at java.base/java.util.concurrent.ThreadPoolExecutor.runWorker(ThreadPoolExecutor.java:1144) ~[?:?] {}
	at java.base/java.util.concurrent.ThreadPoolExecutor$Worker.run(ThreadPoolExecutor.java:642) ~[?:?] {}
	at java.base/java.lang.Thread.run(Thread.java:1583) ~[?:?] {re:mixin}
Caused by: sun.security.provider.certpath.SunCertPathBuilderException: unable to find valid certification path to requested target
	at java.base/sun.security.provider.certpath.SunCertPathBuilder.build(SunCertPathBuilder.java:148) ~[?:?] {}
	at java.base/sun.security.provider.certpath.SunCertPathBuilder.engineBuild(SunCertPathBuilder.java:129) ~[?:?] {}
	at java.base/java.security.cert.CertPathBuilder.build(CertPathBuilder.java:297) ~[?:?] {}
	at java.base/sun.security.validator.PKIXValidator.doBuild(PKIXValidator.java:383) ~[?:?] {}
	at java.base/sun.security.validator.PKIXValidator.engineValidate(PKIXValidator.java:271) ~[?:?] {}
	at java.base/sun.security.validator.Validator.validate(Validator.java:256) ~[?:?] {}
	at java.base/sun.security.ssl.X509TrustManagerImpl.checkTrusted(X509TrustManagerImpl.java:284) ~[?:?] {}
	at java.base/sun.security.ssl.X509TrustManagerImpl.checkServerTrusted(X509TrustManagerImpl.java:144) ~[?:?] {}
	at java.base/sun.security.ssl.CertificateMessage$T13CertificateConsumer.checkServerCerts(CertificateMessage.java:1296) ~[?:?] {}
	at java.base/sun.security.ssl.CertificateMessage$T13CertificateConsumer.onConsumeCertificate(CertificateMessage.java:1195) ~[?:?] {}
	at java.base/sun.security.ssl.CertificateMessage$T13CertificateConsumer.consume(CertificateMessage.java:1138) ~[?:?] {}
	at java.base/sun.security.ssl.SSLHandshake.consume(SSLHandshake.java:393) ~[?:?] {}
	at java.base/sun.security.ssl.HandshakeContext.dispatch(HandshakeContext.java:476) ~[?:?] {}
	at java.base/sun.security.ssl.SSLEngineImpl$DelegatedTask$DelegatedAction.run(SSLEngineImpl.java:1273) ~[?:?] {}
	at java.base/sun.security.ssl.SSLEngineImpl$DelegatedTask$DelegatedAction.run(SSLEngineImpl.java:1260) ~[?:?] {}
	at java.base/java.security.AccessController.doPrivileged(AccessController.java:714) ~[?:?] {}
	at java.base/sun.security.ssl.SSLEngineImpl$DelegatedTask.run(SSLEngineImpl.java:1205) ~[?:?] {}
	at java.base/java.util.ArrayList.forEach(ArrayList.java:1596) ~[?:?] {re:mixin}
	at java.net.http/jdk.internal.net.http.common.SSLFlowDelegate.lambda$executeTasks$3(SSLFlowDelegate.java:1148) ~[java.net.http:?] {}
	at java.net.http/jdk.internal.net.http.HttpClientImpl$DelegatingExecutor.execute(HttpClientImpl.java:177) ~[java.net.http:?] {}
	at java.net.http/jdk.internal.net.http.common.SSLFlowDelegate.executeTasks(SSLFlowDelegate.java:1143) ~[java.net.http:?] {}
	at java.net.http/jdk.internal.net.http.common.SSLFlowDelegate.doHandshake(SSLFlowDelegate.java:1109) ~[java.net.http:?] {}
	at java.net.http/jdk.internal.net.http.common.SSLFlowDelegate$Reader.processData(SSLFlowDelegate.java:508) ~[java.net.http:?] {}
	at java.net.http/jdk.internal.net.http.common.SSLFlowDelegate$Reader$ReaderDownstreamPusher.run(SSLFlowDelegate.java:283) ~[java.net.http:?] {}
	at java.net.http/jdk.internal.net.http.common.SequentialScheduler$LockingRestartableTask.run(SequentialScheduler.java:182) ~[java.net.http:?] {}
	at java.net.http/jdk.internal.net.http.common.SequentialScheduler$CompleteRestartableTask.run(SequentialScheduler.java:149) ~[java.net.http:?] {}
	at java.net.http/jdk.internal.net.http.common.SequentialScheduler$TryEndDeferredCompleter.complete(SequentialScheduler.java:324) ~[java.net.http:?] {}
	at java.net.http/jdk.internal.net.http.common.SequentialScheduler$CompleteRestartableTask.run(SequentialScheduler.java:151) ~[java.net.http:?] {}
	at java.net.http/jdk.internal.net.http.common.SequentialScheduler$SchedulableTask.run(SequentialScheduler.java:207) ~[java.net.http:?] {}
	at java.base/java.util.concurrent.ThreadPoolExecutor.runWorker(ThreadPoolExecutor.java:1144) ~[?:?] {}
	at java.base/java.util.concurrent.ThreadPoolExecutor$Worker.run(ThreadPoolExecutor.java:642) ~[?:?] {}
	at java.base/java.lang.Thread.run(Thread.java:1583) ~[?:?] {re:mixin}
[232月2025 12:58:58.529] [Forge Version Check/INFO] [net.neoforged.fml.VersionChecker/]: [bookshelf] Starting version check at https://updates.blamejared.com/get?n=bookshelf&gv=1.21.1&ml=neoforge
[232月2025 12:58:58.845] [main/INFO] [com.mojang.authlib.yggdrasil.YggdrasilAuthenticationService/]: Environment: Environment[sessionHost=https://sessionserver.mojang.com, servicesHost=https://api.minecraftservices.com, name=PROD]
[232月2025 12:58:58.877] [main/INFO] [bclib/]: Ignoring Patch{ModCore: bclib (bclib):3.0.11:196619}
[232月2025 12:58:58.877] [main/INFO] [bclib/]: Running Pre Patchers on .\world\.
[232月2025 12:58:58.879] [main/INFO] [bclib/]: Everything up to date
[232月2025 12:58:58.908] [main/WARN] [net.minecraft.server.packs.VanillaPackResourcesBuilder/]: Assets URL 'union:/D:/AutumnCraft-Server/AutumnCraft-Server/libraries/net/minecraft/server/1.21.1-20240808.144430/server-1.21.1-20240808.144430-srg.jar%23253!/assets/.mcassetsroot' uses unexpected schema
[232月2025 12:58:58.908] [main/WARN] [net.minecraft.server.packs.VanillaPackResourcesBuilder/]: Assets URL 'union:/D:/AutumnCraft-Server/AutumnCraft-Server/libraries/net/minecraft/server/1.21.1-20240808.144430/server-1.21.1-20240808.144430-srg.jar%23253!/data/.mcassetsroot' uses unexpected schema
[232月2025 12:58:58.978] [main/INFO] [net.minecraft.server.MinecraftServer/]: Found new data pack builtin/aether_accessories, loading it automatically
[232月2025 12:58:59.459] [Forge Version Check/INFO] [net.neoforged.fml.VersionChecker/]: [bookshelf] Found status: BETA Current: 21.1.48 Target: 21.1.48
[232月2025 12:58:59.459] [Forge Version Check/INFO] [net.neoforged.fml.VersionChecker/]: [twilightforest] Starting version check at https://gh.tamaized.com/TeamTwilight/twilightforest/update.json?m=1.21.1&l=NeoForge&v=21.1.83
[232月2025 12:58:59.573] [main/INFO] [wover-generator/]: Updating Pickers for WoVer - The End  BiomeSource (7033ec23)
[232月2025 12:58:59.575] [main/INFO] [wover-generator/]: Unable to build Biome List yet
[232月2025 12:58:59.579] [main/INFO] [wover-generator/]: Make sure features are loaded from terrablender:org.betterx.wover.generator.impl.biomesource.end.WoverEndBiomeSource
[232月2025 12:58:59.580] [main/INFO] [wover-generator/]: Created WoverChunkGenerator with org.betterx.wover.generator.impl.biomesource.end.WoverEndBiomeSource
[232月2025 12:58:59.580] [main/INFO] [wover-generator/]: Updating Pickers for WoVer - Nether BiomeSource (16b6200)
[232月2025 12:58:59.580] [main/INFO] [wover-generator/]: Unable to build Biome List yet
[232月2025 12:58:59.582] [main/INFO] [wover-generator/]: Make sure features are loaded from terrablender:org.betterx.wover.generator.impl.biomesource.nether.WoverNetherBiomeSource
[232月2025 12:58:59.582] [main/INFO] [wover-generator/]: Created WoverChunkGenerator with org.betterx.wover.generator.impl.biomesource.nether.WoverNetherBiomeSource
[232月2025 12:58:59.584] [main/INFO] [wover-generator/]: Updating Pickers for WoVer - The End  BiomeSource (6cc426d8)
[232月2025 12:58:59.584] [main/INFO] [wover-generator/]: Unable to build Biome List yet
[232月2025 12:58:59.584] [main/INFO] [wover-generator/]: Make sure features are loaded from terrablender:org.betterx.wover.generator.impl.biomesource.end.WoverEndBiomeSource
[232月2025 12:58:59.584] [main/INFO] [wover-generator/]: Created WoverChunkGenerator with org.betterx.wover.generator.impl.biomesource.end.WoverEndBiomeSource
[232月2025 12:58:59.584] [main/INFO] [wover-generator/]: Updating Pickers for WoVer - Nether BiomeSource (1bd357c6)
[232月2025 12:58:59.584] [main/INFO] [wover-generator/]: Unable to build Biome List yet
[232月2025 12:58:59.584] [main/INFO] [wover-generator/]: Make sure features are loaded from terrablender:org.betterx.wover.generator.impl.biomesource.nether.WoverNetherBiomeSource
[232月2025 12:58:59.584] [main/INFO] [wover-generator/]: Created WoverChunkGenerator with org.betterx.wover.generator.impl.biomesource.nether.WoverNetherBiomeSource
[232月2025 12:58:59.585] [main/INFO] [wover-generator/]: Updating Pickers for WoVer - The End  BiomeSource (49e3ecc6)
[232月2025 12:58:59.585] [main/INFO] [wover-generator/]: Unable to build Biome List yet
[232月2025 12:58:59.585] [main/INFO] [wover-generator/]: Make sure features are loaded from terrablender:org.betterx.wover.generator.impl.biomesource.end.WoverEndBiomeSource
[232月2025 12:58:59.585] [main/INFO] [wover-generator/]: Created WoverChunkGenerator with org.betterx.wover.generator.impl.biomesource.end.WoverEndBiomeSource
[232月2025 12:58:59.585] [main/INFO] [wover-generator/]: Updating Pickers for WoVer - Nether BiomeSource (324d8b67)
[232月2025 12:58:59.585] [main/INFO] [wover-generator/]: Unable to build Biome List yet
[232月2025 12:58:59.585] [main/INFO] [wover-generator/]: Make sure features are loaded from terrablender:org.betterx.wover.generator.impl.biomesource.nether.WoverNetherBiomeSource
[232月2025 12:58:59.585] [main/INFO] [wover-generator/]: Created WoverChunkGenerator with org.betterx.wover.generator.impl.biomesource.nether.WoverNetherBiomeSource
[232月2025 12:58:59.852] [main/INFO] [wover-generator/]: Updating Pickers for WoVer - The End  BiomeSource (59476de4)
[232月2025 12:58:59.852] [main/INFO] [wover-generator/]: Unable to build Biome List yet
[232月2025 12:58:59.852] [main/INFO] [wover-generator/]: Make sure features are loaded from terrablender:org.betterx.wover.generator.impl.biomesource.end.WoverEndBiomeSource
[232月2025 12:58:59.852] [main/INFO] [wover-generator/]: Created WoverChunkGenerator with org.betterx.wover.generator.impl.biomesource.end.WoverEndBiomeSource
[232月2025 12:58:59.852] [main/INFO] [wover-generator/]: Updating Pickers for WoVer - Nether BiomeSource (2239225f)
[232月2025 12:58:59.852] [main/INFO] [wover-generator/]: Unable to build Biome List yet
[232月2025 12:58:59.852] [main/INFO] [wover-generator/]: Make sure features are loaded from terrablender:org.betterx.wover.generator.impl.biomesource.nether.WoverNetherBiomeSource
[232月2025 12:58:59.852] [main/INFO] [wover-generator/]: Created WoverChunkGenerator with org.betterx.wover.generator.impl.biomesource.nether.WoverNetherBiomeSource
[232月2025 12:59:00.437] [Worker-Main-3/INFO] [net.neoforged.coremod.CoreMod.apothic_enchanting/COREMODLOG]: Replaced 2 calls to Enchantment#getMaxLevel() in net/minecraft/server/commands/EnchantCommand
[232月2025 12:59:00.662] [Worker-Main-3/INFO] [AE2:C/]: Scanning class appeng.server.testplots.TestPlots for plots
[232月2025 12:59:00.664] [Worker-Main-3/INFO] [AE2:C/]: Scanning class appeng.server.testplots.GuidebookPlot for plots
[232月2025 12:59:00.664] [Worker-Main-3/INFO] [AE2:C/]: Scanning class appeng.server.testplots.SpatialTestPlots for plots
[232月2025 12:59:00.664] [Worker-Main-3/INFO] [AE2:C/]: Scanning class appeng.server.testplots.ItemP2PTestPlots for plots
[232月2025 12:59:00.664] [Worker-Main-3/INFO] [AE2:C/]: Scanning class appeng.server.testplots.ChannelTests for plots
[232月2025 12:59:00.664] [Worker-Main-3/INFO] [AE2:C/]: Scanning class appeng.server.testplots.P2PTestPlots for plots
[232月2025 12:59:00.664] [Worker-Main-3/INFO] [AE2:C/]: Scanning class appeng.server.testplots.MemoryCardTestPlots for plots
[232月2025 12:59:00.664] [Worker-Main-3/INFO] [AE2:C/]: Scanning class appeng.server.testplots.InscriberTestPlots for plots
[232月2025 12:59:00.669] [Worker-Main-3/INFO] [AE2:C/]: Scanning class appeng.server.testplots.AutoCraftingTestPlots for plots
[232月2025 12:59:00.669] [Worker-Main-3/INFO] [AE2:C/]: Scanning class appeng.server.testplots.InvalidPatternTestPlot for plots
[232月2025 12:59:00.669] [Worker-Main-3/INFO] [AE2:C/]: Scanning class appeng.server.testplots.QnbTestPlots for plots
[232月2025 12:59:00.669] [Worker-Main-3/INFO] [AE2:C/]: Scanning class appeng.server.testplots.PatternProviderPlots for plots
[232月2025 12:59:00.669] [Worker-Main-3/INFO] [AE2:C/]: Scanning class appeng.server.testplots.CrystalResonanceGeneratorTestPlots for plots
[232月2025 12:59:00.669] [Worker-Main-3/INFO] [AE2:C/]: Scanning class appeng.server.testplots.SpawnExtraGridTestTools for plots
[232月2025 12:59:00.669] [Worker-Main-3/INFO] [AE2:C/]: Scanning class appeng.server.testplots.AnnihilationPlaneTests for plots
[232月2025 12:59:00.669] [Worker-Main-3/INFO] [AE2:C/]: Scanning class appeng.server.testplots.SubnetPlots for plots
[232月2025 12:59:00.669] [Worker-Main-3/INFO] [AE2:C/]: Scanning class appeng.server.testplots.InterfaceTestPlots for plots
[232月2025 12:59:00.669] [Worker-Main-3/INFO] [AE2:C/]: Scanning class appeng.server.testplots.ExternalEnergyTestPlots for plots
[232月2025 12:59:00.669] [Worker-Main-3/INFO] [AE2:C/]: Scanning class appeng.server.testplots.PatternProviderLockModePlots for plots
[232月2025 12:59:00.708] [Worker-Main-5/WARN] [mixin/]: Static binding violation: PRIVATE @Overwrite method elementOrTag in modernfix-neoforge.mixins.json:perf.tag_id_caching.TagEntryMixin from mod modernfix cannot reduce visibiliy of PUBLIC target method, visibility will be upgraded.
[232月2025 12:59:00.757] [Worker-Main-7/ERROR] [net.minecraft.tags.TagLoader/]: Couldn't load tag totw_modded:has_structure/moon_tower as it is missing following references: 
	ad_astra:lunar_wastelands (from mod/totw_modded)
[232月2025 12:59:00.758] [Worker-Main-7/ERROR] [net.minecraft.tags.TagLoader/]: Couldn't load tag totw_modded:has_structure/everdawn_tower as it is missing following references: 
	blue_skies:unorthodox_valley (from mod/totw_modded)
	blue_skies:shaded_woodlands (from mod/totw_modded)
	blue_skies:crystal_dunes (from mod/totw_modded)
	blue_skies:crystal_dunes_spikes (from mod/totw_modded)
	blue_skies:sunset_maple_forest (from mod/totw_modded)
	blue_skies:rising_creek (from mod/totw_modded)
	blue_skies:crystal_roughs (from mod/totw_modded)
	blue_skies:searing_grassland (from mod/totw_modded)
	blue_skies:crescent_orchard (from mod/totw_modded)
[232月2025 12:59:00.759] [Worker-Main-7/ERROR] [net.minecraft.tags.TagLoader/]: Couldn't load tag totw_modded:has_structure/ratlantis_tower as it is missing following references: 
	rats:ratlantis (from mod/totw_modded)
[232月2025 12:59:00.759] [Worker-Main-7/ERROR] [net.minecraft.tags.TagLoader/]: Couldn't load tag totw_modded:has_structure/everbright_tower as it is missing following references: 
	blue_skies:calming_skies (from mod/totw_modded)
	blue_skies:brightlands (from mod/totw_modded)
	blue_skies:slushlands (from mod/totw_modded)
	blue_skies:frostbitten_forest (from mod/totw_modded)
	blue_skies:frostbitten_forest_clearing (from mod/totw_modded)
	blue_skies:snow_covered_pines (from mod/totw_modded)
	blue_skies:brisk_meadow (from mod/totw_modded)
	blue_skies:polar_highland (from mod/totw_modded)
[232月2025 12:59:00.759] [Worker-Main-7/ERROR] [net.minecraft.tags.TagLoader/]: Couldn't load tag totw_modded:has_structure/mars_tower as it is missing following references: 
	ad_astra:martian_canyon_creek (from mod/totw_modded)
	ad_astra:martian_wastelands (from mod/totw_modded)
[232月2025 12:59:00.759] [Worker-Main-7/ERROR] [net.minecraft.tags.TagLoader/]: Couldn't load tag totw_modded:has_structure/venus_tower as it is missing following references: 
	ad_astra:infernal_venus_barrens (from mod/totw_modded)
[232月2025 12:59:00.760] [Worker-Main-7/ERROR] [net.minecraft.tags.TagLoader/]: Couldn't load tag totw_modded:has_structure/glacio_tower as it is missing following references: 
	ad_astra:glacio_snowy_barrens (from mod/totw_modded)
	ad_astra:glacio_ice_peaks (from mod/totw_modded)
[232月2025 12:59:00.760] [Worker-Main-7/ERROR] [net.minecraft.tags.TagLoader/]: Couldn't load tag totw_modded:has_structure/mercury_tower as it is missing following references: 
	ad_astra:mercury_deltas (from mod/totw_modded)
[232月2025 12:59:00.955] [main/INFO] [bclib/]: Disabling Recipe: bclib:test_star
[232月2025 12:59:00.979] [main/ERROR] [net.minecraft.world.item.crafting.RecipeManager/]: Parsing error loading recipe cataclysm:stonecutting/stone_tiles_from_stonecutting: com.google.gson.JsonParseException: Not a JSON object: "cataclysm:stone_tiles"
[232月2025 12:59:01.001] [main/ERROR] [net.minecraft.world.item.crafting.RecipeManager/]: Parsing error loading recipe farmersdelight:integration/immersiveengineering/cloche/onion: com.google.gson.JsonParseException: No key block in MapLike[{"type":"immersiveengineering:crop","value":"farmersdelight:onions"}]
[232月2025 12:59:01.022] [main/ERROR] [net.minecraft.world.item.crafting.RecipeManager/]: Parsing error loading recipe cataclysm:blasting/black_steel_nugget_from_blasting: com.google.gson.JsonParseException: Not a JSON object: "cataclysm:black_steel_nugget"
[232月2025 12:59:01.052] [main/ERROR] [net.minecraft.world.item.crafting.RecipeManager/]: Parsing error loading recipe cataclysm:stonecutting/stone_tile_wall_from_stonecutting: com.google.gson.JsonParseException: Not a JSON object: "cataclysm:stone_tile_wall"
[232月2025 12:59:01.055] [main/ERROR] [net.minecraft.world.item.crafting.RecipeManager/]: Parsing error loading recipe cataclysm:stonecutting/stone_pillar_from_stonecutting: com.google.gson.JsonParseException: Not a JSON object: "cataclysm:stone_pillar"
[232月2025 12:59:01.058] [main/ERROR] [net.minecraft.world.item.crafting.RecipeManager/]: Parsing error loading recipe cataclysm:amethyst_bless/blessed_amethyst_crab_meat: com.google.gson.JsonParseException: No key id in MapLike[{"item":"cataclysm:blessed_amethyst_crab_meat"}]
[232月2025 12:59:01.067] [main/ERROR] [net.minecraft.world.item.crafting.RecipeManager/]: Parsing error loading recipe cataclysm:stonecutting/frosted_stone_brick_stairs_from_stonecutting: com.google.gson.JsonParseException: Not a JSON object: "cataclysm:frosted_stone_brick_stairs"
[232月2025 12:59:01.068] [main/ERROR] [net.minecraft.world.item.crafting.RecipeManager/]: Parsing error loading recipe farmersdelight:integration/immersiveengineering/fermenter/tomato: com.google.gson.JsonParseException: No key amount in MapLike[{"Amount":80,"FluidName":"immersiveengineering:ethanol"}]; No key id in MapLike[{"Amount":80,"FluidName":"immersiveengineering:ethanol"}]
[232月2025 12:59:01.085] [main/ERROR] [net.minecraft.world.item.crafting.RecipeManager/]: Parsing error loading recipe cataclysm:stonecutting/purpur_wall_from_stonecutting: com.google.gson.JsonParseException: Not a JSON object: "cataclysm:purpur_wall"
[232月2025 12:59:01.105] [main/ERROR] [net.minecraft.world.item.crafting.RecipeManager/]: Parsing error loading recipe cataclysm:stonecutting/chiseled_stone_brick_pillar_from_stonecutting: com.google.gson.JsonParseException: Not a JSON object: "cataclysm:chiseled_stone_brick_pillar"
[232月2025 12:59:01.107] [main/ERROR] [net.minecraft.world.item.crafting.RecipeManager/]: Parsing error loading recipe farmersdelight:integration/immersiveengineering/cloche/tomato: com.google.gson.JsonParseException: No key block in MapLike[{"type":"immersiveengineering:crop","value":"farmersdelight:tomatoes"}]
[232月2025 12:59:01.108] [main/ERROR] [net.minecraft.world.item.crafting.RecipeManager/]: Parsing error loading recipe cataclysm:stonecutting/chiseled_purpur_block_from_stonecutting: com.google.gson.JsonParseException: Not a JSON object: "cataclysm:chiseled_purpur_block"
[232月2025 12:59:01.110] [main/ERROR] [net.minecraft.world.item.crafting.RecipeManager/]: Parsing error loading recipe cataclysm:stonecutting/polished_end_stone_slab_from_stonecutting: com.google.gson.JsonParseException: Not a JSON object: "cataclysm:polished_end_stone_slab"
[232月2025 12:59:01.123] [main/ERROR] [net.minecraft.world.item.crafting.RecipeManager/]: Parsing error loading recipe cataclysm:stonecutting/obsidian_brick_wall_from_stonecutting: com.google.gson.JsonParseException: Not a JSON object: "cataclysm:obsidian_brick_wall"
[232月2025 12:59:01.129] [main/ERROR] [net.minecraft.world.item.crafting.RecipeManager/]: Parsing error loading recipe cataclysm:stonecutting/chiseled_end_stone_bricks_from_stonecutting: com.google.gson.JsonParseException: Not a JSON object: "cataclysm:chiseled_end_stone_bricks"
[232月2025 12:59:01.135] [main/ERROR] [net.minecraft.world.item.crafting.RecipeManager/]: Parsing error loading recipe cataclysm:stonecutting/obsidian_brick_stairs_from_stonecutting: com.google.gson.JsonParseException: Not a JSON object: "cataclysm:obsidian_brick_stairs"
[232月2025 12:59:01.138] [main/ERROR] [net.minecraft.world.item.crafting.RecipeManager/]: Parsing error loading recipe cataclysm:stonecutting/polished_end_stone_stairs_from_stonecutting: com.google.gson.JsonParseException: Not a JSON object: "cataclysm:polished_end_stone_stairs"
[232月2025 12:59:01.139] [main/ERROR] [net.minecraft.world.item.crafting.RecipeManager/]: Parsing error loading recipe cataclysm:stonecutting/chiseled_obsidian_bricks_from_stonecutting: com.google.gson.JsonParseException: Not a JSON object: "cataclysm:chiseled_obsidian_bricks"
[232月2025 12:59:01.140] [main/ERROR] [net.minecraft.world.item.crafting.RecipeManager/]: Parsing error loading recipe cataclysm:stonecutting/polished_end_stone_from_stonecutting: com.google.gson.JsonParseException: Not a JSON object: "cataclysm:polished_end_stone"
[232月2025 12:59:01.141] [main/ERROR] [net.minecraft.world.item.crafting.RecipeManager/]: Parsing error loading recipe farmersdelight:integration/immersiveengineering/squeezer/cabbage_seeds: com.google.gson.JsonParseException: No key amount in MapLike[{"Amount":80,"FluidName":"immersiveengineering:plantoil"}]; No key id in MapLike[{"Amount":80,"FluidName":"immersiveengineering:plantoil"}]
[232月2025 12:59:01.143] [main/ERROR] [net.minecraft.world.item.crafting.RecipeManager/]: Parsing error loading recipe farmersdelight:integration/immersiveengineering/squeezer/tomato_seeds: com.google.gson.JsonParseException: No key amount in MapLike[{"Amount":60,"FluidName":"immersiveengineering:plantoil"}]; No key id in MapLike[{"Amount":60,"FluidName":"immersiveengineering:plantoil"}]
[232月2025 12:59:01.147] [main/ERROR] [net.minecraft.world.item.crafting.RecipeManager/]: Parsing error loading recipe cataclysm:stonecutting/frosted_stone_brick_wall_from_stonecutting: com.google.gson.JsonParseException: Not a JSON object: "cataclysm:frosted_stone_brick_wall"
[232月2025 12:59:01.150] [main/ERROR] [net.minecraft.world.item.crafting.RecipeManager/]: Parsing error loading recipe cataclysm:stonecutting/obsidian_bricks_from_stonecutting: com.google.gson.JsonParseException: Not a JSON object: "cataclysm:obsidian_bricks"
[232月2025 12:59:01.151] [main/ERROR] [net.minecraft.world.item.crafting.RecipeManager/]: Parsing error loading recipe cataclysm:blasting/ancient_metal_nugget_from_blasting: com.google.gson.JsonParseException: Not a JSON object: "cataclysm:ancient_metal_nugget"
[232月2025 12:59:01.165] [main/ERROR] [net.minecraft.world.item.crafting.RecipeManager/]: Parsing error loading recipe cataclysm:stonecutting/stone_tile_stairs_from_stonecutting: com.google.gson.JsonParseException: Not a JSON object: "cataclysm:stone_tile_stairs"
[232月2025 12:59:01.166] [main/ERROR] [net.minecraft.world.item.crafting.RecipeManager/]: Parsing error loading recipe cataclysm:stonecutting/end_stone_pillar_from_stonecutting: com.google.gson.JsonParseException: Not a JSON object: "cataclysm:end_stone_pillar"
[232月2025 12:59:01.167] [main/ERROR] [net.minecraft.world.item.crafting.RecipeManager/]: Parsing error loading recipe cataclysm:stonecutting/frosted_stone_brick_slab_from_stonecutting: com.google.gson.JsonParseException: Not a JSON object: "cataclysm:frosted_stone_brick_slab"
[232月2025 12:59:01.168] [main/ERROR] [net.minecraft.world.item.crafting.RecipeManager/]: Parsing error loading recipe cataclysm:stonecutting/quartz_brick_wall_from_stonecutting: com.google.gson.JsonParseException: Not a JSON object: "cataclysm:quartz_brick_wall"
[232月2025 12:59:01.168] [main/ERROR] [net.minecraft.world.item.crafting.RecipeManager/]: Parsing error loading recipe cataclysm:stonecutting/obsidian_brick_slab_from_stonecutting: com.google.gson.JsonParseException: Not a JSON object: "cataclysm:obsidian_brick_slab"
[232月2025 12:59:01.169] [main/ERROR] [net.minecraft.world.item.crafting.RecipeManager/]: Parsing error loading recipe farmersdelight:integration/immersiveengineering/cloche/rice: com.google.gson.JsonParseException: No key block in MapLike[{"type":"immersiveengineering:crop","value":"farmersdelight:rice_panicles"}]
[232月2025 12:59:01.171] [main/ERROR] [net.minecraft.world.item.crafting.RecipeManager/]: Parsing error loading recipe farmersdelight:integration/immersiveengineering/cloche/cabbage: com.google.gson.JsonParseException: No key block in MapLike[{"type":"immersiveengineering:crop","value":"farmersdelight:cabbages"}]
[232月2025 12:59:01.177] [main/ERROR] [net.minecraft.world.item.crafting.RecipeManager/]: Parsing error loading recipe cataclysm:stonecutting/stone_tile_slab_from_stonecutting: com.google.gson.JsonParseException: Not a JSON object: "cataclysm:stone_tile_slab"
[232月2025 12:59:01.180] [main/INFO] [net.minecraft.world.item.crafting.RecipeManager/]: Loaded 6100 recipes
[232月2025 12:59:01.187] [main/INFO] [wover-recipe/]: Added 0 recipes in 1ms
[232月2025 12:59:01.188] [main/ERROR] [net.minecraft.server.ServerFunctionLibrary/]: Failed to load function aether:dev_powerwash_chunk
java.util.concurrent.CompletionException: java.lang.NoClassDefFoundError: Could not initialize class io.izzel.arclight.common.mod.compat.CommandNodeHooks
	at java.base/java.util.concurrent.CompletableFuture.encodeThrowable(CompletableFuture.java:315) ~[?:?] {re:mixin}
	at java.base/java.util.concurrent.CompletableFuture.completeThrowable(CompletableFuture.java:320) ~[?:?] {re:mixin}
	at java.base/java.util.concurrent.CompletableFuture$AsyncSupply.run(CompletableFuture.java:1770) ~[?:?] {}
	at java.base/java.util.concurrent.CompletableFuture$AsyncSupply.exec(CompletableFuture.java:1760) ~[?:?] {}
	at java.base/java.util.concurrent.ForkJoinTask.doExec(ForkJoinTask.java:387) ~[?:?] {}
	at java.base/java.util.concurrent.ForkJoinPool$WorkQueue.topLevelExec(ForkJoinPool.java:1312) ~[?:?] {}
	at java.base/java.util.concurrent.ForkJoinPool.scan(ForkJoinPool.java:1843) ~[?:?] {re:mixin,re:computing_frames}
	at java.base/java.util.concurrent.ForkJoinPool.runWorker(ForkJoinPool.java:1808) ~[?:?] {re:mixin,re:computing_frames}
	at java.base/java.util.concurrent.ForkJoinWorkerThread.run(ForkJoinWorkerThread.java:188) ~[?:?] {re:mixin}
Caused by: java.lang.NoClassDefFoundError: Could not initialize class io.izzel.arclight.common.mod.compat.CommandNodeHooks
	at TRANSFORMER/minecraft@1.21.1/net.minecraft.commands.CommandSourceStack.bridge$getCurrentCommand(CommandSourceStackMixin.java:711) ~[server-1.21.1-20240808.144430-srg.jar%23253!/:?] {re:mixin,pl:accesstransformer:B,pl:connector_pre_launch:A,re:classloading,pl:accesstransformer:B,pl:mixin:A,pl:connector_pre_launch:A}
	at TRANSFORMER/minecraft@1.21.1/net.minecraft.commands.CommandSourceStack.handler$cfj000$arclight$checkPermission(CommandSourceStackMixin.java:687) ~[server-1.21.1-20240808.144430-srg.jar%23253!/:?] {re:mixin,pl:accesstransformer:B,pl:connector_pre_launch:A,re:classloading,pl:accesstransformer:B,pl:mixin:A,pl:connector_pre_launch:A}
	at TRANSFORMER/minecraft@1.21.1/net.minecraft.commands.CommandSourceStack.hasPermission(CommandSourceStackMixin.java) ~[server-1.21.1-20240808.144430-srg.jar%23253!/:?] {re:mixin,pl:accesstransformer:B,pl:connector_pre_launch:A,re:classloading,pl:accesstransformer:B,pl:mixin:A,pl:connector_pre_launch:A}
	at TRANSFORMER/minecraft@1.21.1/net.minecraft.server.commands.ExecuteCommand.lambda$register$4(ExecuteCommand.java:187) ~[server-1.21.1-20240808.144430-srg.jar%23253!/:?] {re:classloading,pl:connector_pre_launch:A}
	at TRANSFORMER/connector$brigadier/com.mojang.brigadier.tree.CommandNode.canUse(CommandNode.java:65) ~[brigadier-1.3.10.jar%23133!/:?] {re:classloading,re:mixin}
	at TRANSFORMER/connector$brigadier/com.mojang.brigadier.CommandDispatcher.parseNodes(CommandDispatcher.java:301) ~[brigadier-1.3.10.jar%23133!/:?] {re:classloading,re:mixin}
	at TRANSFORMER/connector$brigadier/com.mojang.brigadier.CommandDispatcher.parse(CommandDispatcher.java:291) ~[brigadier-1.3.10.jar%23133!/:?] {re:classloading,re:mixin}
	at TRANSFORMER/minecraft@1.21.1/net.minecraft.commands.functions.CommandFunction.parseCommand(CommandFunction.java:96) ~[server-1.21.1-20240808.144430-srg.jar%23253!/:?] {re:classloading,pl:connector_pre_launch:A}
	at TRANSFORMER/minecraft@1.21.1/net.minecraft.commands.functions.CommandFunction.fromLines(CommandFunction.java:78) ~[server-1.21.1-20240808.144430-srg.jar%23253!/:?] {re:classloading,pl:connector_pre_launch:A}
	at TRANSFORMER/minecraft@1.21.1/net.minecraft.server.ServerFunctionLibrary.lambda$reload$2(ServerFunctionLibrary.java:89) ~[server-1.21.1-20240808.144430-srg.jar%23253!/:?] {re:mixin,pl:connector_pre_launch:A,re:classloading,pl:mixin:APP:fabric-resource-loader-v0.mixins.json:KeyedResourceReloadListenerMixin from mod fabric_resource_loader_v0,pl:mixin:A,pl:connector_pre_launch:A}
	at java.base/java.util.concurrent.CompletableFuture$AsyncSupply.run(CompletableFuture.java:1768) ~[?:?] {}
	... 6 more
Caused by: java.lang.ExceptionInInitializerError: Exception java.lang.RuntimeException: java.lang.NoSuchFieldException: CURRENT_COMMAND [in thread "Worker-Main-4"]
	at TRANSFORMER/arclight@1.0.0-SNAPSHOT+7cc6e16/io.izzel.arclight.common.mod.compat.CommandNodeHooks.<clinit>(CommandNodeHooks.java:22) ~[arclight-1.21.1-1.0.0-SNAPSHOT-7cc6e16.jar%23255!/:arclight-1.21.1-1.0.0-SNAPSHOT-7cc6e16] {re:mixin,re:classloading}
	at TRANSFORMER/minecraft@1.21.1/net.minecraft.commands.CommandSourceStack.bridge$getCurrentCommand(CommandSourceStackMixin.java:711) ~[server-1.21.1-20240808.144430-srg.jar%23253!/:?] {re:mixin,pl:accesstransformer:B,pl:connector_pre_launch:A,re:classloading,pl:accesstransformer:B,pl:mixin:A,pl:connector_pre_launch:A}
	at TRANSFORMER/minecraft@1.21.1/net.minecraft.commands.CommandSourceStack.handler$cfj000$arclight$checkPermission(CommandSourceStackMixin.java:687) ~[server-1.21.1-20240808.144430-srg.jar%23253!/:?] {re:mixin,pl:accesstransformer:B,pl:connector_pre_launch:A,re:classloading,pl:accesstransformer:B,pl:mixin:A,pl:connector_pre_launch:A}
	at TRANSFORMER/minecraft@1.21.1/net.minecraft.commands.CommandSourceStack.hasPermission(CommandSourceStackMixin.java) ~[server-1.21.1-20240808.144430-srg.jar%23253!/:?] {re:mixin,pl:accesstransformer:B,pl:connector_pre_launch:A,re:classloading,pl:accesstransformer:B,pl:mixin:A,pl:connector_pre_launch:A}
	at TRANSFORMER/minecraft@1.21.1/net.minecraft.server.commands.ExecuteCommand.lambda$register$4(ExecuteCommand.java:187) ~[server-1.21.1-20240808.144430-srg.jar%23253!/:?] {re:classloading,pl:connector_pre_launch:A}
	at TRANSFORMER/connector$brigadier/com.mojang.brigadier.tree.CommandNode.canUse(CommandNode.java:65) ~[brigadier-1.3.10.jar%23133!/:?] {re:classloading,re:mixin}
	at TRANSFORMER/connector$brigadier/com.mojang.brigadier.CommandDispatcher.parseNodes(CommandDispatcher.java:301) ~[brigadier-1.3.10.jar%23133!/:?] {re:classloading,re:mixin}
	at TRANSFORMER/connector$brigadier/com.mojang.brigadier.CommandDispatcher.parse(CommandDispatcher.java:291) ~[brigadier-1.3.10.jar%23133!/:?] {re:classloading,re:mixin}
	at TRANSFORMER/minecraft@1.21.1/net.minecraft.commands.functions.CommandFunction.parseCommand(CommandFunction.java:96) ~[server-1.21.1-20240808.144430-srg.jar%23253!/:?] {re:classloading,pl:connector_pre_launch:A}
	at TRANSFORMER/minecraft@1.21.1/net.minecraft.commands.functions.CommandFunction.fromLines(CommandFunction.java:78) ~[server-1.21.1-20240808.144430-srg.jar%23253!/:?] {re:classloading,pl:connector_pre_launch:A}
	at TRANSFORMER/minecraft@1.21.1/net.minecraft.server.ServerFunctionLibrary.lambda$reload$2(ServerFunctionLibrary.java:89) ~[server-1.21.1-20240808.144430-srg.jar%23253!/:?] {re:mixin,pl:connector_pre_launch:A,re:classloading,pl:mixin:APP:fabric-resource-loader-v0.mixins.json:KeyedResourceReloadListenerMixin from mod fabric_resource_loader_v0,pl:mixin:A,pl:connector_pre_launch:A}
	at java.base/java.util.concurrent.CompletableFuture$AsyncSupply.run(CompletableFuture.java:1768) ~[?:?] {}
	... 6 more
[232月2025 12:59:01.188] [main/ERROR] [net.minecraft.server.ServerFunctionLibrary/]: Failed to load function dungeons_arise:purification_particles
java.util.concurrent.CompletionException: java.lang.NoClassDefFoundError: Could not initialize class io.izzel.arclight.common.mod.compat.CommandNodeHooks
	at java.base/java.util.concurrent.CompletableFuture.encodeThrowable(CompletableFuture.java:315) ~[?:?] {re:mixin}
	at java.base/java.util.concurrent.CompletableFuture.completeThrowable(CompletableFuture.java:320) ~[?:?] {re:mixin}
	at java.base/java.util.concurrent.CompletableFuture$AsyncSupply.run(CompletableFuture.java:1770) ~[?:?] {}
	at java.base/java.util.concurrent.CompletableFuture$AsyncSupply.exec(CompletableFuture.java:1760) ~[?:?] {}
	at java.base/java.util.concurrent.ForkJoinTask.doExec(ForkJoinTask.java:387) ~[?:?] {}
	at java.base/java.util.concurrent.ForkJoinPool$WorkQueue.topLevelExec(ForkJoinPool.java:1312) ~[?:?] {}
	at java.base/java.util.concurrent.ForkJoinPool.scan(ForkJoinPool.java:1843) ~[?:?] {re:mixin,re:computing_frames}
	at java.base/java.util.concurrent.ForkJoinPool.runWorker(ForkJoinPool.java:1808) ~[?:?] {re:mixin,re:computing_frames}
	at java.base/java.util.concurrent.ForkJoinWorkerThread.run(ForkJoinWorkerThread.java:188) ~[?:?] {re:mixin}
Caused by: java.lang.NoClassDefFoundError: Could not initialize class io.izzel.arclight.common.mod.compat.CommandNodeHooks
	at TRANSFORMER/minecraft@1.21.1/net.minecraft.commands.CommandSourceStack.bridge$getCurrentCommand(CommandSourceStackMixin.java:711) ~[server-1.21.1-20240808.144430-srg.jar%23253!/:?] {re:mixin,pl:accesstransformer:B,pl:connector_pre_launch:A,re:classloading,pl:accesstransformer:B,pl:mixin:A,pl:connector_pre_launch:A}
	at TRANSFORMER/minecraft@1.21.1/net.minecraft.commands.CommandSourceStack.handler$cfj000$arclight$checkPermission(CommandSourceStackMixin.java:687) ~[server-1.21.1-20240808.144430-srg.jar%23253!/:?] {re:mixin,pl:accesstransformer:B,pl:connector_pre_launch:A,re:classloading,pl:accesstransformer:B,pl:mixin:A,pl:connector_pre_launch:A}
	at TRANSFORMER/minecraft@1.21.1/net.minecraft.commands.CommandSourceStack.hasPermission(CommandSourceStackMixin.java) ~[server-1.21.1-20240808.144430-srg.jar%23253!/:?] {re:mixin,pl:accesstransformer:B,pl:connector_pre_launch:A,re:classloading,pl:accesstransformer:B,pl:mixin:A,pl:connector_pre_launch:A}
	at TRANSFORMER/minecraft@1.21.1/net.minecraft.server.commands.ParticleCommand.lambda$register$0(ParticleCommand.java:36) ~[server-1.21.1-20240808.144430-srg.jar%23253!/:?] {re:classloading,pl:connector_pre_launch:A}
	at TRANSFORMER/connector$brigadier/com.mojang.brigadier.tree.CommandNode.canUse(CommandNode.java:65) ~[brigadier-1.3.10.jar%23133!/:?] {re:classloading,re:mixin}
	at TRANSFORMER/connector$brigadier/com.mojang.brigadier.CommandDispatcher.parseNodes(CommandDispatcher.java:301) ~[brigadier-1.3.10.jar%23133!/:?] {re:classloading,re:mixin}
	at TRANSFORMER/connector$brigadier/com.mojang.brigadier.CommandDispatcher.parse(CommandDispatcher.java:291) ~[brigadier-1.3.10.jar%23133!/:?] {re:classloading,re:mixin}
	at TRANSFORMER/minecraft@1.21.1/net.minecraft.commands.functions.CommandFunction.parseCommand(CommandFunction.java:96) ~[server-1.21.1-20240808.144430-srg.jar%23253!/:?] {re:classloading,pl:connector_pre_launch:A}
	at TRANSFORMER/minecraft@1.21.1/net.minecraft.commands.functions.CommandFunction.fromLines(CommandFunction.java:78) ~[server-1.21.1-20240808.144430-srg.jar%23253!/:?] {re:classloading,pl:connector_pre_launch:A}
	at TRANSFORMER/minecraft@1.21.1/net.minecraft.server.ServerFunctionLibrary.lambda$reload$2(ServerFunctionLibrary.java:89) ~[server-1.21.1-20240808.144430-srg.jar%23253!/:?] {re:mixin,pl:connector_pre_launch:A,re:classloading,pl:mixin:APP:fabric-resource-loader-v0.mixins.json:KeyedResourceReloadListenerMixin from mod fabric_resource_loader_v0,pl:mixin:A,pl:connector_pre_launch:A}
	at java.base/java.util.concurrent.CompletableFuture$AsyncSupply.run(CompletableFuture.java:1768) ~[?:?] {}
	... 6 more
Caused by: java.lang.ExceptionInInitializerError: Exception java.lang.RuntimeException: java.lang.NoSuchFieldException: CURRENT_COMMAND [in thread "Worker-Main-4"]
	at TRANSFORMER/arclight@1.0.0-SNAPSHOT+7cc6e16/io.izzel.arclight.common.mod.compat.CommandNodeHooks.<clinit>(CommandNodeHooks.java:22) ~[arclight-1.21.1-1.0.0-SNAPSHOT-7cc6e16.jar%23255!/:arclight-1.21.1-1.0.0-SNAPSHOT-7cc6e16] {re:mixin,re:classloading}
	at TRANSFORMER/minecraft@1.21.1/net.minecraft.commands.CommandSourceStack.bridge$getCurrentCommand(CommandSourceStackMixin.java:711) ~[server-1.21.1-20240808.144430-srg.jar%23253!/:?] {re:mixin,pl:accesstransformer:B,pl:connector_pre_launch:A,re:classloading,pl:accesstransformer:B,pl:mixin:A,pl:connector_pre_launch:A}
	at TRANSFORMER/minecraft@1.21.1/net.minecraft.commands.CommandSourceStack.handler$cfj000$arclight$checkPermission(CommandSourceStackMixin.java:687) ~[server-1.21.1-20240808.144430-srg.jar%23253!/:?] {re:mixin,pl:accesstransformer:B,pl:connector_pre_launch:A,re:classloading,pl:accesstransformer:B,pl:mixin:A,pl:connector_pre_launch:A}
	at TRANSFORMER/minecraft@1.21.1/net.minecraft.commands.CommandSourceStack.hasPermission(CommandSourceStackMixin.java) ~[server-1.21.1-20240808.144430-srg.jar%23253!/:?] {re:mixin,pl:accesstransformer:B,pl:connector_pre_launch:A,re:classloading,pl:accesstransformer:B,pl:mixin:A,pl:connector_pre_launch:A}
	at TRANSFORMER/minecraft@1.21.1/net.minecraft.server.commands.ExecuteCommand.lambda$register$4(ExecuteCommand.java:187) ~[server-1.21.1-20240808.144430-srg.jar%23253!/:?] {re:classloading,pl:connector_pre_launch:A}
	at TRANSFORMER/connector$brigadier/com.mojang.brigadier.tree.CommandNode.canUse(CommandNode.java:65) ~[brigadier-1.3.10.jar%23133!/:?] {re:classloading,re:mixin}
	at TRANSFORMER/connector$brigadier/com.mojang.brigadier.CommandDispatcher.parseNodes(CommandDispatcher.java:301) ~[brigadier-1.3.10.jar%23133!/:?] {re:classloading,re:mixin}
	at TRANSFORMER/connector$brigadier/com.mojang.brigadier.CommandDispatcher.parse(CommandDispatcher.java:291) ~[brigadier-1.3.10.jar%23133!/:?] {re:classloading,re:mixin}
	at TRANSFORMER/minecraft@1.21.1/net.minecraft.commands.functions.CommandFunction.parseCommand(CommandFunction.java:96) ~[server-1.21.1-20240808.144430-srg.jar%23253!/:?] {re:classloading,pl:connector_pre_launch:A}
	at TRANSFORMER/minecraft@1.21.1/net.minecraft.commands.functions.CommandFunction.fromLines(CommandFunction.java:78) ~[server-1.21.1-20240808.144430-srg.jar%23253!/:?] {re:classloading,pl:connector_pre_launch:A}
	at TRANSFORMER/minecraft@1.21.1/net.minecraft.server.ServerFunctionLibrary.lambda$reload$2(ServerFunctionLibrary.java:89) ~[server-1.21.1-20240808.144430-srg.jar%23253!/:?] {re:mixin,pl:connector_pre_launch:A,re:classloading,pl:mixin:APP:fabric-resource-loader-v0.mixins.json:KeyedResourceReloadListenerMixin from mod fabric_resource_loader_v0,pl:mixin:A,pl:connector_pre_launch:A}
	at java.base/java.util.concurrent.CompletableFuture$AsyncSupply.run(CompletableFuture.java:1768) ~[?:?] {}
	... 6 more
[232月2025 12:59:01.188] [main/ERROR] [net.minecraft.server.ServerFunctionLibrary/]: Failed to load function aether:setup_structure_hunt
java.util.concurrent.CompletionException: java.lang.NoClassDefFoundError: Could not initialize class io.izzel.arclight.common.mod.compat.CommandNodeHooks
	at java.base/java.util.concurrent.CompletableFuture.encodeThrowable(CompletableFuture.java:315) ~[?:?] {re:mixin}
	at java.base/java.util.concurrent.CompletableFuture.completeThrowable(CompletableFuture.java:320) ~[?:?] {re:mixin}
	at java.base/java.util.concurrent.CompletableFuture$AsyncSupply.run(CompletableFuture.java:1770) ~[?:?] {}
	at java.base/java.util.concurrent.CompletableFuture$AsyncSupply.exec(CompletableFuture.java:1760) ~[?:?] {}
	at java.base/java.util.concurrent.ForkJoinTask.doExec(ForkJoinTask.java:387) ~[?:?] {}
	at java.base/java.util.concurrent.ForkJoinPool$WorkQueue.topLevelExec(ForkJoinPool.java:1312) ~[?:?] {}
	at java.base/java.util.concurrent.ForkJoinPool.scan(ForkJoinPool.java:1843) ~[?:?] {re:mixin,re:computing_frames}
	at java.base/java.util.concurrent.ForkJoinPool.runWorker(ForkJoinPool.java:1808) ~[?:?] {re:mixin,re:computing_frames}
	at java.base/java.util.concurrent.ForkJoinWorkerThread.run(ForkJoinWorkerThread.java:188) ~[?:?] {re:mixin}
Caused by: java.lang.NoClassDefFoundError: Could not initialize class io.izzel.arclight.common.mod.compat.CommandNodeHooks
	at TRANSFORMER/minecraft@1.21.1/net.minecraft.commands.CommandSourceStack.bridge$getCurrentCommand(CommandSourceStackMixin.java:711) ~[server-1.21.1-20240808.144430-srg.jar%23253!/:?] {re:mixin,pl:accesstransformer:B,pl:connector_pre_launch:A,re:classloading,pl:accesstransformer:B,pl:mixin:A,pl:connector_pre_launch:A}
	at TRANSFORMER/minecraft@1.21.1/net.minecraft.commands.CommandSourceStack.handler$cfj000$arclight$checkPermission(CommandSourceStackMixin.java:687) ~[server-1.21.1-20240808.144430-srg.jar%23253!/:?] {re:mixin,pl:accesstransformer:B,pl:connector_pre_launch:A,re:classloading,pl:accesstransformer:B,pl:mixin:A,pl:connector_pre_launch:A}
	at TRANSFORMER/minecraft@1.21.1/net.minecraft.commands.CommandSourceStack.hasPermission(CommandSourceStackMixin.java) ~[server-1.21.1-20240808.144430-srg.jar%23253!/:?] {re:mixin,pl:accesstransformer:B,pl:connector_pre_launch:A,re:classloading,pl:accesstransformer:B,pl:mixin:A,pl:connector_pre_launch:A}
	at TRANSFORMER/minecraft@1.21.1/net.minecraft.server.commands.ExecuteCommand.lambda$register$4(ExecuteCommand.java:187) ~[server-1.21.1-20240808.144430-srg.jar%23253!/:?] {re:classloading,pl:connector_pre_launch:A}
	at TRANSFORMER/connector$brigadier/com.mojang.brigadier.tree.CommandNode.canUse(CommandNode.java:65) ~[brigadier-1.3.10.jar%23133!/:?] {re:classloading,re:mixin}
	at TRANSFORMER/connector$brigadier/com.mojang.brigadier.CommandDispatcher.parseNodes(CommandDispatcher.java:301) ~[brigadier-1.3.10.jar%23133!/:?] {re:classloading,re:mixin}
	at TRANSFORMER/connector$brigadier/com.mojang.brigadier.CommandDispatcher.parse(CommandDispatcher.java:291) ~[brigadier-1.3.10.jar%23133!/:?] {re:classloading,re:mixin}
	at TRANSFORMER/minecraft@1.21.1/net.minecraft.commands.functions.CommandFunction.parseCommand(CommandFunction.java:96) ~[server-1.21.1-20240808.144430-srg.jar%23253!/:?] {re:classloading,pl:connector_pre_launch:A}
	at TRANSFORMER/minecraft@1.21.1/net.minecraft.commands.functions.CommandFunction.fromLines(CommandFunction.java:78) ~[server-1.21.1-20240808.144430-srg.jar%23253!/:?] {re:classloading,pl:connector_pre_launch:A}
	at TRANSFORMER/minecraft@1.21.1/net.minecraft.server.ServerFunctionLibrary.lambda$reload$2(ServerFunctionLibrary.java:89) ~[server-1.21.1-20240808.144430-srg.jar%23253!/:?] {re:mixin,pl:connector_pre_launch:A,re:classloading,pl:mixin:APP:fabric-resource-loader-v0.mixins.json:KeyedResourceReloadListenerMixin from mod fabric_resource_loader_v0,pl:mixin:A,pl:connector_pre_launch:A}
	at java.base/java.util.concurrent.CompletableFuture$AsyncSupply.run(CompletableFuture.java:1768) ~[?:?] {}
	... 6 more
Caused by: java.lang.ExceptionInInitializerError: Exception java.lang.RuntimeException: java.lang.NoSuchFieldException: CURRENT_COMMAND [in thread "Worker-Main-4"]
	at TRANSFORMER/arclight@1.0.0-SNAPSHOT+7cc6e16/io.izzel.arclight.common.mod.compat.CommandNodeHooks.<clinit>(CommandNodeHooks.java:22) ~[arclight-1.21.1-1.0.0-SNAPSHOT-7cc6e16.jar%23255!/:arclight-1.21.1-1.0.0-SNAPSHOT-7cc6e16] {re:mixin,re:classloading}
	at TRANSFORMER/minecraft@1.21.1/net.minecraft.commands.CommandSourceStack.bridge$getCurrentCommand(CommandSourceStackMixin.java:711) ~[server-1.21.1-20240808.144430-srg.jar%23253!/:?] {re:mixin,pl:accesstransformer:B,pl:connector_pre_launch:A,re:classloading,pl:accesstransformer:B,pl:mixin:A,pl:connector_pre_launch:A}
	at TRANSFORMER/minecraft@1.21.1/net.minecraft.commands.CommandSourceStack.handler$cfj000$arclight$checkPermission(CommandSourceStackMixin.java:687) ~[server-1.21.1-20240808.144430-srg.jar%23253!/:?] {re:mixin,pl:accesstransformer:B,pl:connector_pre_launch:A,re:classloading,pl:accesstransformer:B,pl:mixin:A,pl:connector_pre_launch:A}
	at TRANSFORMER/minecraft@1.21.1/net.minecraft.commands.CommandSourceStack.hasPermission(CommandSourceStackMixin.java) ~[server-1.21.1-20240808.144430-srg.jar%23253!/:?] {re:mixin,pl:accesstransformer:B,pl:connector_pre_launch:A,re:classloading,pl:accesstransformer:B,pl:mixin:A,pl:connector_pre_launch:A}
	at TRANSFORMER/minecraft@1.21.1/net.minecraft.server.commands.ExecuteCommand.lambda$register$4(ExecuteCommand.java:187) ~[server-1.21.1-20240808.144430-srg.jar%23253!/:?] {re:classloading,pl:connector_pre_launch:A}
	at TRANSFORMER/connector$brigadier/com.mojang.brigadier.tree.CommandNode.canUse(CommandNode.java:65) ~[brigadier-1.3.10.jar%23133!/:?] {re:classloading,re:mixin}
	at TRANSFORMER/connector$brigadier/com.mojang.brigadier.CommandDispatcher.parseNodes(CommandDispatcher.java:301) ~[brigadier-1.3.10.jar%23133!/:?] {re:classloading,re:mixin}
	at TRANSFORMER/connector$brigadier/com.mojang.brigadier.CommandDispatcher.parse(CommandDispatcher.java:291) ~[brigadier-1.3.10.jar%23133!/:?] {re:classloading,re:mixin}
	at TRANSFORMER/minecraft@1.21.1/net.minecraft.commands.functions.CommandFunction.parseCommand(CommandFunction.java:96) ~[server-1.21.1-20240808.144430-srg.jar%23253!/:?] {re:classloading,pl:connector_pre_launch:A}
	at TRANSFORMER/minecraft@1.21.1/net.minecraft.commands.functions.CommandFunction.fromLines(CommandFunction.java:78) ~[server-1.21.1-20240808.144430-srg.jar%23253!/:?] {re:classloading,pl:connector_pre_launch:A}
	at TRANSFORMER/minecraft@1.21.1/net.minecraft.server.ServerFunctionLibrary.lambda$reload$2(ServerFunctionLibrary.java:89) ~[server-1.21.1-20240808.144430-srg.jar%23253!/:?] {re:mixin,pl:connector_pre_launch:A,re:classloading,pl:mixin:APP:fabric-resource-loader-v0.mixins.json:KeyedResourceReloadListenerMixin from mod fabric_resource_loader_v0,pl:mixin:A,pl:connector_pre_launch:A}
	at java.base/java.util.concurrent.CompletableFuture$AsyncSupply.run(CompletableFuture.java:1768) ~[?:?] {}
	... 6 more
[232月2025 12:59:01.189] [main/ERROR] [net.minecraft.server.ServerFunctionLibrary/]: Failed to load function dungeons_arise:ensnaring_fangs
java.util.concurrent.CompletionException: java.lang.NoClassDefFoundError: Could not initialize class io.izzel.arclight.common.mod.compat.CommandNodeHooks
	at java.base/java.util.concurrent.CompletableFuture.encodeThrowable(CompletableFuture.java:315) ~[?:?] {re:mixin}
	at java.base/java.util.concurrent.CompletableFuture.completeThrowable(CompletableFuture.java:320) ~[?:?] {re:mixin}
	at java.base/java.util.concurrent.CompletableFuture$AsyncSupply.run(CompletableFuture.java:1770) ~[?:?] {}
	at java.base/java.util.concurrent.CompletableFuture$AsyncSupply.exec(CompletableFuture.java:1760) ~[?:?] {}
	at java.base/java.util.concurrent.ForkJoinTask.doExec(ForkJoinTask.java:387) ~[?:?] {}
	at java.base/java.util.concurrent.ForkJoinPool$WorkQueue.topLevelExec(ForkJoinPool.java:1312) ~[?:?] {}
	at java.base/java.util.concurrent.ForkJoinPool.scan(ForkJoinPool.java:1843) ~[?:?] {re:mixin,re:computing_frames}
	at java.base/java.util.concurrent.ForkJoinPool.runWorker(ForkJoinPool.java:1808) ~[?:?] {re:mixin,re:computing_frames}
	at java.base/java.util.concurrent.ForkJoinWorkerThread.run(ForkJoinWorkerThread.java:188) ~[?:?] {re:mixin}
Caused by: java.lang.NoClassDefFoundError: Could not initialize class io.izzel.arclight.common.mod.compat.CommandNodeHooks
	at TRANSFORMER/minecraft@1.21.1/net.minecraft.commands.CommandSourceStack.bridge$getCurrentCommand(CommandSourceStackMixin.java:711) ~[server-1.21.1-20240808.144430-srg.jar%23253!/:?] {re:mixin,pl:accesstransformer:B,pl:connector_pre_launch:A,re:classloading,pl:accesstransformer:B,pl:mixin:A,pl:connector_pre_launch:A}
	at TRANSFORMER/minecraft@1.21.1/net.minecraft.commands.CommandSourceStack.handler$cfj000$arclight$checkPermission(CommandSourceStackMixin.java:687) ~[server-1.21.1-20240808.144430-srg.jar%23253!/:?] {re:mixin,pl:accesstransformer:B,pl:connector_pre_launch:A,re:classloading,pl:accesstransformer:B,pl:mixin:A,pl:connector_pre_launch:A}
	at TRANSFORMER/minecraft@1.21.1/net.minecraft.commands.CommandSourceStack.hasPermission(CommandSourceStackMixin.java) ~[server-1.21.1-20240808.144430-srg.jar%23253!/:?] {re:mixin,pl:accesstransformer:B,pl:connector_pre_launch:A,re:classloading,pl:accesstransformer:B,pl:mixin:A,pl:connector_pre_launch:A}
	at TRANSFORMER/minecraft@1.21.1/net.minecraft.server.commands.ParticleCommand.lambda$register$0(ParticleCommand.java:36) ~[server-1.21.1-20240808.144430-srg.jar%23253!/:?] {re:classloading,pl:connector_pre_launch:A}
	at TRANSFORMER/connector$brigadier/com.mojang.brigadier.tree.CommandNode.canUse(CommandNode.java:65) ~[brigadier-1.3.10.jar%23133!/:?] {re:classloading,re:mixin}
	at TRANSFORMER/connector$brigadier/com.mojang.brigadier.CommandDispatcher.parseNodes(CommandDispatcher.java:301) ~[brigadier-1.3.10.jar%23133!/:?] {re:classloading,re:mixin}
	at TRANSFORMER/connector$brigadier/com.mojang.brigadier.CommandDispatcher.parse(CommandDispatcher.java:291) ~[brigadier-1.3.10.jar%23133!/:?] {re:classloading,re:mixin}
	at TRANSFORMER/minecraft@1.21.1/net.minecraft.commands.functions.CommandFunction.parseCommand(CommandFunction.java:96) ~[server-1.21.1-20240808.144430-srg.jar%23253!/:?] {re:classloading,pl:connector_pre_launch:A}
	at TRANSFORMER/minecraft@1.21.1/net.minecraft.commands.functions.CommandFunction.fromLines(CommandFunction.java:78) ~[server-1.21.1-20240808.144430-srg.jar%23253!/:?] {re:classloading,pl:connector_pre_launch:A}
	at TRANSFORMER/minecraft@1.21.1/net.minecraft.server.ServerFunctionLibrary.lambda$reload$2(ServerFunctionLibrary.java:89) ~[server-1.21.1-20240808.144430-srg.jar%23253!/:?] {re:mixin,pl:connector_pre_launch:A,re:classloading,pl:mixin:APP:fabric-resource-loader-v0.mixins.json:KeyedResourceReloadListenerMixin from mod fabric_resource_loader_v0,pl:mixin:A,pl:connector_pre_launch:A}
	at java.base/java.util.concurrent.CompletableFuture$AsyncSupply.run(CompletableFuture.java:1768) ~[?:?] {}
	... 6 more
Caused by: java.lang.ExceptionInInitializerError: Exception java.lang.RuntimeException: java.lang.NoSuchFieldException: CURRENT_COMMAND [in thread "Worker-Main-4"]
	at TRANSFORMER/arclight@1.0.0-SNAPSHOT+7cc6e16/io.izzel.arclight.common.mod.compat.CommandNodeHooks.<clinit>(CommandNodeHooks.java:22) ~[arclight-1.21.1-1.0.0-SNAPSHOT-7cc6e16.jar%23255!/:arclight-1.21.1-1.0.0-SNAPSHOT-7cc6e16] {re:mixin,re:classloading}
	at TRANSFORMER/minecraft@1.21.1/net.minecraft.commands.CommandSourceStack.bridge$getCurrentCommand(CommandSourceStackMixin.java:711) ~[server-1.21.1-20240808.144430-srg.jar%23253!/:?] {re:mixin,pl:accesstransformer:B,pl:connector_pre_launch:A,re:classloading,pl:accesstransformer:B,pl:mixin:A,pl:connector_pre_launch:A}
	at TRANSFORMER/minecraft@1.21.1/net.minecraft.commands.CommandSourceStack.handler$cfj000$arclight$checkPermission(CommandSourceStackMixin.java:687) ~[server-1.21.1-20240808.144430-srg.jar%23253!/:?] {re:mixin,pl:accesstransformer:B,pl:connector_pre_launch:A,re:classloading,pl:accesstransformer:B,pl:mixin:A,pl:connector_pre_launch:A}
	at TRANSFORMER/minecraft@1.21.1/net.minecraft.commands.CommandSourceStack.hasPermission(CommandSourceStackMixin.java) ~[server-1.21.1-20240808.144430-srg.jar%23253!/:?] {re:mixin,pl:accesstransformer:B,pl:connector_pre_launch:A,re:classloading,pl:accesstransformer:B,pl:mixin:A,pl:connector_pre_launch:A}
	at TRANSFORMER/minecraft@1.21.1/net.minecraft.server.commands.ExecuteCommand.lambda$register$4(ExecuteCommand.java:187) ~[server-1.21.1-20240808.144430-srg.jar%23253!/:?] {re:classloading,pl:connector_pre_launch:A}
	at TRANSFORMER/connector$brigadier/com.mojang.brigadier.tree.CommandNode.canUse(CommandNode.java:65) ~[brigadier-1.3.10.jar%23133!/:?] {re:classloading,re:mixin}
	at TRANSFORMER/connector$brigadier/com.mojang.brigadier.CommandDispatcher.parseNodes(CommandDispatcher.java:301) ~[brigadier-1.3.10.jar%23133!/:?] {re:classloading,re:mixin}
	at TRANSFORMER/connector$brigadier/com.mojang.brigadier.CommandDispatcher.parse(CommandDispatcher.java:291) ~[brigadier-1.3.10.jar%23133!/:?] {re:classloading,re:mixin}
	at TRANSFORMER/minecraft@1.21.1/net.minecraft.commands.functions.CommandFunction.parseCommand(CommandFunction.java:96) ~[server-1.21.1-20240808.144430-srg.jar%23253!/:?] {re:classloading,pl:connector_pre_launch:A}
	at TRANSFORMER/minecraft@1.21.1/net.minecraft.commands.functions.CommandFunction.fromLines(CommandFunction.java:78) ~[server-1.21.1-20240808.144430-srg.jar%23253!/:?] {re:classloading,pl:connector_pre_launch:A}
	at TRANSFORMER/minecraft@1.21.1/net.minecraft.server.ServerFunctionLibrary.lambda$reload$2(ServerFunctionLibrary.java:89) ~[server-1.21.1-20240808.144430-srg.jar%23253!/:?] {re:mixin,pl:connector_pre_launch:A,re:classloading,pl:mixin:APP:fabric-resource-loader-v0.mixins.json:KeyedResourceReloadListenerMixin from mod fabric_resource_loader_v0,pl:mixin:A,pl:connector_pre_launch:A}
	at java.base/java.util.concurrent.CompletableFuture$AsyncSupply.run(CompletableFuture.java:1768) ~[?:?] {}
	... 6 more
[232月2025 12:59:01.189] [main/ERROR] [net.minecraft.server.ServerFunctionLibrary/]: Failed to load function dungeons_arise:voltaic_arrows_impact_particles
java.util.concurrent.CompletionException: java.lang.NoClassDefFoundError: Could not initialize class io.izzel.arclight.common.mod.compat.CommandNodeHooks
	at java.base/java.util.concurrent.CompletableFuture.encodeThrowable(CompletableFuture.java:315) ~[?:?] {re:mixin}
	at java.base/java.util.concurrent.CompletableFuture.completeThrowable(CompletableFuture.java:320) ~[?:?] {re:mixin}
	at java.base/java.util.concurrent.CompletableFuture$AsyncSupply.run(CompletableFuture.java:1770) ~[?:?] {}
	at java.base/java.util.concurrent.CompletableFuture$AsyncSupply.exec(CompletableFuture.java:1760) ~[?:?] {}
	at java.base/java.util.concurrent.ForkJoinTask.doExec(ForkJoinTask.java:387) ~[?:?] {}
	at java.base/java.util.concurrent.ForkJoinPool$WorkQueue.topLevelExec(ForkJoinPool.java:1312) ~[?:?] {}
	at java.base/java.util.concurrent.ForkJoinPool.scan(ForkJoinPool.java:1843) ~[?:?] {re:mixin,re:computing_frames}
	at java.base/java.util.concurrent.ForkJoinPool.runWorker(ForkJoinPool.java:1808) ~[?:?] {re:mixin,re:computing_frames}
	at java.base/java.util.concurrent.ForkJoinWorkerThread.run(ForkJoinWorkerThread.java:188) ~[?:?] {re:mixin}
Caused by: java.lang.NoClassDefFoundError: Could not initialize class io.izzel.arclight.common.mod.compat.CommandNodeHooks
	at TRANSFORMER/minecraft@1.21.1/net.minecraft.commands.CommandSourceStack.bridge$getCurrentCommand(CommandSourceStackMixin.java:711) ~[server-1.21.1-20240808.144430-srg.jar%23253!/:?] {re:mixin,pl:accesstransformer:B,pl:connector_pre_launch:A,re:classloading,pl:accesstransformer:B,pl:mixin:A,pl:connector_pre_launch:A}
	at TRANSFORMER/minecraft@1.21.1/net.minecraft.commands.CommandSourceStack.handler$cfj000$arclight$checkPermission(CommandSourceStackMixin.java:687) ~[server-1.21.1-20240808.144430-srg.jar%23253!/:?] {re:mixin,pl:accesstransformer:B,pl:connector_pre_launch:A,re:classloading,pl:accesstransformer:B,pl:mixin:A,pl:connector_pre_launch:A}
	at TRANSFORMER/minecraft@1.21.1/net.minecraft.commands.CommandSourceStack.hasPermission(CommandSourceStackMixin.java) ~[server-1.21.1-20240808.144430-srg.jar%23253!/:?] {re:mixin,pl:accesstransformer:B,pl:connector_pre_launch:A,re:classloading,pl:accesstransformer:B,pl:mixin:A,pl:connector_pre_launch:A}
	at TRANSFORMER/minecraft@1.21.1/net.minecraft.server.commands.ParticleCommand.lambda$register$0(ParticleCommand.java:36) ~[server-1.21.1-20240808.144430-srg.jar%23253!/:?] {re:classloading,pl:connector_pre_launch:A}
	at TRANSFORMER/connector$brigadier/com.mojang.brigadier.tree.CommandNode.canUse(CommandNode.java:65) ~[brigadier-1.3.10.jar%23133!/:?] {re:classloading,re:mixin}
	at TRANSFORMER/connector$brigadier/com.mojang.brigadier.CommandDispatcher.parseNodes(CommandDispatcher.java:301) ~[brigadier-1.3.10.jar%23133!/:?] {re:classloading,re:mixin}
	at TRANSFORMER/connector$brigadier/com.mojang.brigadier.CommandDispatcher.parse(CommandDispatcher.java:291) ~[brigadier-1.3.10.jar%23133!/:?] {re:classloading,re:mixin}
	at TRANSFORMER/minecraft@1.21.1/net.minecraft.commands.functions.CommandFunction.parseCommand(CommandFunction.java:96) ~[server-1.21.1-20240808.144430-srg.jar%23253!/:?] {re:classloading,pl:connector_pre_launch:A}
	at TRANSFORMER/minecraft@1.21.1/net.minecraft.commands.functions.CommandFunction.fromLines(CommandFunction.java:78) ~[server-1.21.1-20240808.144430-srg.jar%23253!/:?] {re:classloading,pl:connector_pre_launch:A}
	at TRANSFORMER/minecraft@1.21.1/net.minecraft.server.ServerFunctionLibrary.lambda$reload$2(ServerFunctionLibrary.java:89) ~[server-1.21.1-20240808.144430-srg.jar%23253!/:?] {re:mixin,pl:connector_pre_launch:A,re:classloading,pl:mixin:APP:fabric-resource-loader-v0.mixins.json:KeyedResourceReloadListenerMixin from mod fabric_resource_loader_v0,pl:mixin:A,pl:connector_pre_launch:A}
	at java.base/java.util.concurrent.CompletableFuture$AsyncSupply.run(CompletableFuture.java:1768) ~[?:?] {}
	... 6 more
Caused by: java.lang.ExceptionInInitializerError: Exception java.lang.RuntimeException: java.lang.NoSuchFieldException: CURRENT_COMMAND [in thread "Worker-Main-4"]
	at TRANSFORMER/arclight@1.0.0-SNAPSHOT+7cc6e16/io.izzel.arclight.common.mod.compat.CommandNodeHooks.<clinit>(CommandNodeHooks.java:22) ~[arclight-1.21.1-1.0.0-SNAPSHOT-7cc6e16.jar%23255!/:arclight-1.21.1-1.0.0-SNAPSHOT-7cc6e16] {re:mixin,re:classloading}
	at TRANSFORMER/minecraft@1.21.1/net.minecraft.commands.CommandSourceStack.bridge$getCurrentCommand(CommandSourceStackMixin.java:711) ~[server-1.21.1-20240808.144430-srg.jar%23253!/:?] {re:mixin,pl:accesstransformer:B,pl:connector_pre_launch:A,re:classloading,pl:accesstransformer:B,pl:mixin:A,pl:connector_pre_launch:A}
	at TRANSFORMER/minecraft@1.21.1/net.minecraft.commands.CommandSourceStack.handler$cfj000$arclight$checkPermission(CommandSourceStackMixin.java:687) ~[server-1.21.1-20240808.144430-srg.jar%23253!/:?] {re:mixin,pl:accesstransformer:B,pl:connector_pre_launch:A,re:classloading,pl:accesstransformer:B,pl:mixin:A,pl:connector_pre_launch:A}
	at TRANSFORMER/minecraft@1.21.1/net.minecraft.commands.CommandSourceStack.hasPermission(CommandSourceStackMixin.java) ~[server-1.21.1-20240808.144430-srg.jar%23253!/:?] {re:mixin,pl:accesstransformer:B,pl:connector_pre_launch:A,re:classloading,pl:accesstransformer:B,pl:mixin:A,pl:connector_pre_launch:A}
	at TRANSFORMER/minecraft@1.21.1/net.minecraft.server.commands.ExecuteCommand.lambda$register$4(ExecuteCommand.java:187) ~[server-1.21.1-20240808.144430-srg.jar%23253!/:?] {re:classloading,pl:connector_pre_launch:A}
	at TRANSFORMER/connector$brigadier/com.mojang.brigadier.tree.CommandNode.canUse(CommandNode.java:65) ~[brigadier-1.3.10.jar%23133!/:?] {re:classloading,re:mixin}
	at TRANSFORMER/connector$brigadier/com.mojang.brigadier.CommandDispatcher.parseNodes(CommandDispatcher.java:301) ~[brigadier-1.3.10.jar%23133!/:?] {re:classloading,re:mixin}
	at TRANSFORMER/connector$brigadier/com.mojang.brigadier.CommandDispatcher.parse(CommandDispatcher.java:291) ~[brigadier-1.3.10.jar%23133!/:?] {re:classloading,re:mixin}
	at TRANSFORMER/minecraft@1.21.1/net.minecraft.commands.functions.CommandFunction.parseCommand(CommandFunction.java:96) ~[server-1.21.1-20240808.144430-srg.jar%23253!/:?] {re:classloading,pl:connector_pre_launch:A}
	at TRANSFORMER/minecraft@1.21.1/net.minecraft.commands.functions.CommandFunction.fromLines(CommandFunction.java:78) ~[server-1.21.1-20240808.144430-srg.jar%23253!/:?] {re:classloading,pl:connector_pre_launch:A}
	at TRANSFORMER/minecraft@1.21.1/net.minecraft.server.ServerFunctionLibrary.lambda$reload$2(ServerFunctionLibrary.java:89) ~[server-1.21.1-20240808.144430-srg.jar%23253!/:?] {re:mixin,pl:connector_pre_launch:A,re:classloading,pl:mixin:APP:fabric-resource-loader-v0.mixins.json:KeyedResourceReloadListenerMixin from mod fabric_resource_loader_v0,pl:mixin:A,pl:connector_pre_launch:A}
	at java.base/java.util.concurrent.CompletableFuture$AsyncSupply.run(CompletableFuture.java:1768) ~[?:?] {}
	... 6 more
[232月2025 12:59:01.189] [main/ERROR] [net.minecraft.server.ServerFunctionLibrary/]: Failed to load function dungeons_arise:discharge_ready
java.util.concurrent.CompletionException: java.lang.NoClassDefFoundError: Could not initialize class io.izzel.arclight.common.mod.compat.CommandNodeHooks
	at java.base/java.util.concurrent.CompletableFuture.encodeThrowable(CompletableFuture.java:315) ~[?:?] {re:mixin}
	at java.base/java.util.concurrent.CompletableFuture.completeThrowable(CompletableFuture.java:320) ~[?:?] {re:mixin}
	at java.base/java.util.concurrent.CompletableFuture$AsyncSupply.run(CompletableFuture.java:1770) ~[?:?] {}
	at java.base/java.util.concurrent.CompletableFuture$AsyncSupply.exec(CompletableFuture.java:1760) ~[?:?] {}
	at java.base/java.util.concurrent.ForkJoinTask.doExec(ForkJoinTask.java:387) ~[?:?] {}
	at java.base/java.util.concurrent.ForkJoinPool$WorkQueue.topLevelExec(ForkJoinPool.java:1312) ~[?:?] {}
	at java.base/java.util.concurrent.ForkJoinPool.scan(ForkJoinPool.java:1843) ~[?:?] {re:mixin,re:computing_frames}
	at java.base/java.util.concurrent.ForkJoinPool.runWorker(ForkJoinPool.java:1808) ~[?:?] {re:mixin,re:computing_frames}
	at java.base/java.util.concurrent.ForkJoinWorkerThread.run(ForkJoinWorkerThread.java:188) ~[?:?] {re:mixin}
Caused by: java.lang.NoClassDefFoundError: Could not initialize class io.izzel.arclight.common.mod.compat.CommandNodeHooks
	at TRANSFORMER/minecraft@1.21.1/net.minecraft.commands.CommandSourceStack.bridge$getCurrentCommand(CommandSourceStackMixin.java:711) ~[server-1.21.1-20240808.144430-srg.jar%23253!/:?] {re:mixin,pl:accesstransformer:B,pl:connector_pre_launch:A,re:classloading,pl:accesstransformer:B,pl:mixin:A,pl:connector_pre_launch:A}
	at TRANSFORMER/minecraft@1.21.1/net.minecraft.commands.CommandSourceStack.handler$cfj000$arclight$checkPermission(CommandSourceStackMixin.java:687) ~[server-1.21.1-20240808.144430-srg.jar%23253!/:?] {re:mixin,pl:accesstransformer:B,pl:connector_pre_launch:A,re:classloading,pl:accesstransformer:B,pl:mixin:A,pl:connector_pre_launch:A}
	at TRANSFORMER/minecraft@1.21.1/net.minecraft.commands.CommandSourceStack.hasPermission(CommandSourceStackMixin.java) ~[server-1.21.1-20240808.144430-srg.jar%23253!/:?] {re:mixin,pl:accesstransformer:B,pl:connector_pre_launch:A,re:classloading,pl:accesstransformer:B,pl:mixin:A,pl:connector_pre_launch:A}
	at TRANSFORMER/minecraft@1.21.1/net.minecraft.server.commands.PlaySoundCommand.lambda$register$1(PlaySoundCommand.java:49) ~[server-1.21.1-20240808.144430-srg.jar%23253!/:?] {re:classloading,pl:connector_pre_launch:A}
	at TRANSFORMER/connector$brigadier/com.mojang.brigadier.tree.CommandNode.canUse(CommandNode.java:65) ~[brigadier-1.3.10.jar%23133!/:?] {re:classloading,re:mixin}
	at TRANSFORMER/connector$brigadier/com.mojang.brigadier.CommandDispatcher.parseNodes(CommandDispatcher.java:301) ~[brigadier-1.3.10.jar%23133!/:?] {re:classloading,re:mixin}
	at TRANSFORMER/connector$brigadier/com.mojang.brigadier.CommandDispatcher.parse(CommandDispatcher.java:291) ~[brigadier-1.3.10.jar%23133!/:?] {re:classloading,re:mixin}
	at TRANSFORMER/minecraft@1.21.1/net.minecraft.commands.functions.CommandFunction.parseCommand(CommandFunction.java:96) ~[server-1.21.1-20240808.144430-srg.jar%23253!/:?] {re:classloading,pl:connector_pre_launch:A}
	at TRANSFORMER/minecraft@1.21.1/net.minecraft.commands.functions.CommandFunction.fromLines(CommandFunction.java:78) ~[server-1.21.1-20240808.144430-srg.jar%23253!/:?] {re:classloading,pl:connector_pre_launch:A}
	at TRANSFORMER/minecraft@1.21.1/net.minecraft.server.ServerFunctionLibrary.lambda$reload$2(ServerFunctionLibrary.java:89) ~[server-1.21.1-20240808.144430-srg.jar%23253!/:?] {re:mixin,pl:connector_pre_launch:A,re:classloading,pl:mixin:APP:fabric-resource-loader-v0.mixins.json:KeyedResourceReloadListenerMixin from mod fabric_resource_loader_v0,pl:mixin:A,pl:connector_pre_launch:A}
	at java.base/java.util.concurrent.CompletableFuture$AsyncSupply.run(CompletableFuture.java:1768) ~[?:?] {}
	... 6 more
Caused by: java.lang.ExceptionInInitializerError: Exception java.lang.RuntimeException: java.lang.NoSuchFieldException: CURRENT_COMMAND [in thread "Worker-Main-4"]
	at TRANSFORMER/arclight@1.0.0-SNAPSHOT+7cc6e16/io.izzel.arclight.common.mod.compat.CommandNodeHooks.<clinit>(CommandNodeHooks.java:22) ~[arclight-1.21.1-1.0.0-SNAPSHOT-7cc6e16.jar%23255!/:arclight-1.21.1-1.0.0-SNAPSHOT-7cc6e16] {re:mixin,re:classloading}
	at TRANSFORMER/minecraft@1.21.1/net.minecraft.commands.CommandSourceStack.bridge$getCurrentCommand(CommandSourceStackMixin.java:711) ~[server-1.21.1-20240808.144430-srg.jar%23253!/:?] {re:mixin,pl:accesstransformer:B,pl:connector_pre_launch:A,re:classloading,pl:accesstransformer:B,pl:mixin:A,pl:connector_pre_launch:A}
	at TRANSFORMER/minecraft@1.21.1/net.minecraft.commands.CommandSourceStack.handler$cfj000$arclight$checkPermission(CommandSourceStackMixin.java:687) ~[server-1.21.1-20240808.144430-srg.jar%23253!/:?] {re:mixin,pl:accesstransformer:B,pl:connector_pre_launch:A,re:classloading,pl:accesstransformer:B,pl:mixin:A,pl:connector_pre_launch:A}
	at TRANSFORMER/minecraft@1.21.1/net.minecraft.commands.CommandSourceStack.hasPermission(CommandSourceStackMixin.java) ~[server-1.21.1-20240808.144430-srg.jar%23253!/:?] {re:mixin,pl:accesstransformer:B,pl:connector_pre_launch:A,re:classloading,pl:accesstransformer:B,pl:mixin:A,pl:connector_pre_launch:A}
	at TRANSFORMER/minecraft@1.21.1/net.minecraft.server.commands.ExecuteCommand.lambda$register$4(ExecuteCommand.java:187) ~[server-1.21.1-20240808.144430-srg.jar%23253!/:?] {re:classloading,pl:connector_pre_launch:A}
	at TRANSFORMER/connector$brigadier/com.mojang.brigadier.tree.CommandNode.canUse(CommandNode.java:65) ~[brigadier-1.3.10.jar%23133!/:?] {re:classloading,re:mixin}
	at TRANSFORMER/connector$brigadier/com.mojang.brigadier.CommandDispatcher.parseNodes(CommandDispatcher.java:301) ~[brigadier-1.3.10.jar%23133!/:?] {re:classloading,re:mixin}
	at TRANSFORMER/connector$brigadier/com.mojang.brigadier.CommandDispatcher.parse(CommandDispatcher.java:291) ~[brigadier-1.3.10.jar%23133!/:?] {re:classloading,re:mixin}
	at TRANSFORMER/minecraft@1.21.1/net.minecraft.commands.functions.CommandFunction.parseCommand(CommandFunction.java:96) ~[server-1.21.1-20240808.144430-srg.jar%23253!/:?] {re:classloading,pl:connector_pre_launch:A}
	at TRANSFORMER/minecraft@1.21.1/net.minecraft.commands.functions.CommandFunction.fromLines(CommandFunction.java:78) ~[server-1.21.1-20240808.144430-srg.jar%23253!/:?] {re:classloading,pl:connector_pre_launch:A}
	at TRANSFORMER/minecraft@1.21.1/net.minecraft.server.ServerFunctionLibrary.lambda$reload$2(ServerFunctionLibrary.java:89) ~[server-1.21.1-20240808.144430-srg.jar%23253!/:?] {re:mixin,pl:connector_pre_launch:A,re:classloading,pl:mixin:APP:fabric-resource-loader-v0.mixins.json:KeyedResourceReloadListenerMixin from mod fabric_resource_loader_v0,pl:mixin:A,pl:connector_pre_launch:A}
	at java.base/java.util.concurrent.CompletableFuture$AsyncSupply.run(CompletableFuture.java:1768) ~[?:?] {}
	... 6 more
[232月2025 12:59:01.190] [main/ERROR] [net.minecraft.server.ServerFunctionLibrary/]: Failed to load function dungeons_arise:discharge_thunder
java.util.concurrent.CompletionException: java.lang.NoClassDefFoundError: Could not initialize class io.izzel.arclight.common.mod.compat.CommandNodeHooks
	at java.base/java.util.concurrent.CompletableFuture.encodeThrowable(CompletableFuture.java:315) ~[?:?] {re:mixin}
	at java.base/java.util.concurrent.CompletableFuture.completeThrowable(CompletableFuture.java:320) ~[?:?] {re:mixin}
	at java.base/java.util.concurrent.CompletableFuture$AsyncSupply.run(CompletableFuture.java:1770) ~[?:?] {}
	at java.base/java.util.concurrent.CompletableFuture$AsyncSupply.exec(CompletableFuture.java:1760) ~[?:?] {}
	at java.base/java.util.concurrent.ForkJoinTask.doExec(ForkJoinTask.java:387) ~[?:?] {}
	at java.base/java.util.concurrent.ForkJoinPool$WorkQueue.topLevelExec(ForkJoinPool.java:1312) ~[?:?] {}
	at java.base/java.util.concurrent.ForkJoinPool.scan(ForkJoinPool.java:1843) ~[?:?] {re:mixin,re:computing_frames}
	at java.base/java.util.concurrent.ForkJoinPool.runWorker(ForkJoinPool.java:1808) ~[?:?] {re:mixin,re:computing_frames}
	at java.base/java.util.concurrent.ForkJoinWorkerThread.run(ForkJoinWorkerThread.java:188) ~[?:?] {re:mixin}
Caused by: java.lang.NoClassDefFoundError: Could not initialize class io.izzel.arclight.common.mod.compat.CommandNodeHooks
	at TRANSFORMER/minecraft@1.21.1/net.minecraft.commands.CommandSourceStack.bridge$getCurrentCommand(CommandSourceStackMixin.java:711) ~[server-1.21.1-20240808.144430-srg.jar%23253!/:?] {re:mixin,pl:accesstransformer:B,pl:connector_pre_launch:A,re:classloading,pl:accesstransformer:B,pl:mixin:A,pl:connector_pre_launch:A}
	at TRANSFORMER/minecraft@1.21.1/net.minecraft.commands.CommandSourceStack.handler$cfj000$arclight$checkPermission(CommandSourceStackMixin.java:687) ~[server-1.21.1-20240808.144430-srg.jar%23253!/:?] {re:mixin,pl:accesstransformer:B,pl:connector_pre_launch:A,re:classloading,pl:accesstransformer:B,pl:mixin:A,pl:connector_pre_launch:A}
	at TRANSFORMER/minecraft@1.21.1/net.minecraft.commands.CommandSourceStack.hasPermission(CommandSourceStackMixin.java) ~[server-1.21.1-20240808.144430-srg.jar%23253!/:?] {re:mixin,pl:accesstransformer:B,pl:connector_pre_launch:A,re:classloading,pl:accesstransformer:B,pl:mixin:A,pl:connector_pre_launch:A}
	at TRANSFORMER/minecraft@1.21.1/net.minecraft.server.commands.ParticleCommand.lambda$register$0(ParticleCommand.java:36) ~[server-1.21.1-20240808.144430-srg.jar%23253!/:?] {re:classloading,pl:connector_pre_launch:A}
	at TRANSFORMER/connector$brigadier/com.mojang.brigadier.tree.CommandNode.canUse(CommandNode.java:65) ~[brigadier-1.3.10.jar%23133!/:?] {re:classloading,re:mixin}
	at TRANSFORMER/connector$brigadier/com.mojang.brigadier.CommandDispatcher.parseNodes(CommandDispatcher.java:301) ~[brigadier-1.3.10.jar%23133!/:?] {re:classloading,re:mixin}
	at TRANSFORMER/connector$brigadier/com.mojang.brigadier.CommandDispatcher.parse(CommandDispatcher.java:291) ~[brigadier-1.3.10.jar%23133!/:?] {re:classloading,re:mixin}
	at TRANSFORMER/minecraft@1.21.1/net.minecraft.commands.functions.CommandFunction.parseCommand(CommandFunction.java:96) ~[server-1.21.1-20240808.144430-srg.jar%23253!/:?] {re:classloading,pl:connector_pre_launch:A}
	at TRANSFORMER/minecraft@1.21.1/net.minecraft.commands.functions.CommandFunction.fromLines(CommandFunction.java:78) ~[server-1.21.1-20240808.144430-srg.jar%23253!/:?] {re:classloading,pl:connector_pre_launch:A}
	at TRANSFORMER/minecraft@1.21.1/net.minecraft.server.ServerFunctionLibrary.lambda$reload$2(ServerFunctionLibrary.java:89) ~[server-1.21.1-20240808.144430-srg.jar%23253!/:?] {re:mixin,pl:connector_pre_launch:A,re:classloading,pl:mixin:APP:fabric-resource-loader-v0.mixins.json:KeyedResourceReloadListenerMixin from mod fabric_resource_loader_v0,pl:mixin:A,pl:connector_pre_launch:A}
	at java.base/java.util.concurrent.CompletableFuture$AsyncSupply.run(CompletableFuture.java:1768) ~[?:?] {}
	... 6 more
Caused by: java.lang.ExceptionInInitializerError: Exception java.lang.RuntimeException: java.lang.NoSuchFieldException: CURRENT_COMMAND [in thread "Worker-Main-4"]
	at TRANSFORMER/arclight@1.0.0-SNAPSHOT+7cc6e16/io.izzel.arclight.common.mod.compat.CommandNodeHooks.<clinit>(CommandNodeHooks.java:22) ~[arclight-1.21.1-1.0.0-SNAPSHOT-7cc6e16.jar%23255!/:arclight-1.21.1-1.0.0-SNAPSHOT-7cc6e16] {re:mixin,re:classloading}
	at TRANSFORMER/minecraft@1.21.1/net.minecraft.commands.CommandSourceStack.bridge$getCurrentCommand(CommandSourceStackMixin.java:711) ~[server-1.21.1-20240808.144430-srg.jar%23253!/:?] {re:mixin,pl:accesstransformer:B,pl:connector_pre_launch:A,re:classloading,pl:accesstransformer:B,pl:mixin:A,pl:connector_pre_launch:A}
	at TRANSFORMER/minecraft@1.21.1/net.minecraft.commands.CommandSourceStack.handler$cfj000$arclight$checkPermission(CommandSourceStackMixin.java:687) ~[server-1.21.1-20240808.144430-srg.jar%23253!/:?] {re:mixin,pl:accesstransformer:B,pl:connector_pre_launch:A,re:classloading,pl:accesstransformer:B,pl:mixin:A,pl:connector_pre_launch:A}
	at TRANSFORMER/minecraft@1.21.1/net.minecraft.commands.CommandSourceStack.hasPermission(CommandSourceStackMixin.java) ~[server-1.21.1-20240808.144430-srg.jar%23253!/:?] {re:mixin,pl:accesstransformer:B,pl:connector_pre_launch:A,re:classloading,pl:accesstransformer:B,pl:mixin:A,pl:connector_pre_launch:A}
	at TRANSFORMER/minecraft@1.21.1/net.minecraft.server.commands.ExecuteCommand.lambda$register$4(ExecuteCommand.java:187) ~[server-1.21.1-20240808.144430-srg.jar%23253!/:?] {re:classloading,pl:connector_pre_launch:A}
	at TRANSFORMER/connector$brigadier/com.mojang.brigadier.tree.CommandNode.canUse(CommandNode.java:65) ~[brigadier-1.3.10.jar%23133!/:?] {re:classloading,re:mixin}
	at TRANSFORMER/connector$brigadier/com.mojang.brigadier.CommandDispatcher.parseNodes(CommandDispatcher.java:301) ~[brigadier-1.3.10.jar%23133!/:?] {re:classloading,re:mixin}
	at TRANSFORMER/connector$brigadier/com.mojang.brigadier.CommandDispatcher.parse(CommandDispatcher.java:291) ~[brigadier-1.3.10.jar%23133!/:?] {re:classloading,re:mixin}
	at TRANSFORMER/minecraft@1.21.1/net.minecraft.commands.functions.CommandFunction.parseCommand(CommandFunction.java:96) ~[server-1.21.1-20240808.144430-srg.jar%23253!/:?] {re:classloading,pl:connector_pre_launch:A}
	at TRANSFORMER/minecraft@1.21.1/net.minecraft.commands.functions.CommandFunction.fromLines(CommandFunction.java:78) ~[server-1.21.1-20240808.144430-srg.jar%23253!/:?] {re:classloading,pl:connector_pre_launch:A}
	at TRANSFORMER/minecraft@1.21.1/net.minecraft.server.ServerFunctionLibrary.lambda$reload$2(ServerFunctionLibrary.java:89) ~[server-1.21.1-20240808.144430-srg.jar%23253!/:?] {re:mixin,pl:connector_pre_launch:A,re:classloading,pl:mixin:APP:fabric-resource-loader-v0.mixins.json:KeyedResourceReloadListenerMixin from mod fabric_resource_loader_v0,pl:mixin:A,pl:connector_pre_launch:A}
	at java.base/java.util.concurrent.CompletableFuture$AsyncSupply.run(CompletableFuture.java:1768) ~[?:?] {}
	... 6 more
[232月2025 12:59:01.190] [main/ERROR] [net.minecraft.server.ServerFunctionLibrary/]: Failed to load function dungeons_arise:voltaic_arrows
java.util.concurrent.CompletionException: java.lang.NoClassDefFoundError: Could not initialize class io.izzel.arclight.common.mod.compat.CommandNodeHooks
	at java.base/java.util.concurrent.CompletableFuture.encodeThrowable(CompletableFuture.java:315) ~[?:?] {re:mixin}
	at java.base/java.util.concurrent.CompletableFuture.completeThrowable(CompletableFuture.java:320) ~[?:?] {re:mixin}
	at java.base/java.util.concurrent.CompletableFuture$AsyncSupply.run(CompletableFuture.java:1770) ~[?:?] {}
	at java.base/java.util.concurrent.CompletableFuture$AsyncSupply.exec(CompletableFuture.java:1760) ~[?:?] {}
	at java.base/java.util.concurrent.ForkJoinTask.doExec(ForkJoinTask.java:387) ~[?:?] {}
	at java.base/java.util.concurrent.ForkJoinPool$WorkQueue.topLevelExec(ForkJoinPool.java:1312) ~[?:?] {}
	at java.base/java.util.concurrent.ForkJoinPool.scan(ForkJoinPool.java:1843) ~[?:?] {re:mixin,re:computing_frames}
	at java.base/java.util.concurrent.ForkJoinPool.runWorker(ForkJoinPool.java:1808) ~[?:?] {re:mixin,re:computing_frames}
	at java.base/java.util.concurrent.ForkJoinWorkerThread.run(ForkJoinWorkerThread.java:188) ~[?:?] {re:mixin}
Caused by: java.lang.NoClassDefFoundError: Could not initialize class io.izzel.arclight.common.mod.compat.CommandNodeHooks
	at TRANSFORMER/minecraft@1.21.1/net.minecraft.commands.CommandSourceStack.bridge$getCurrentCommand(CommandSourceStackMixin.java:711) ~[server-1.21.1-20240808.144430-srg.jar%23253!/:?] {re:mixin,pl:accesstransformer:B,pl:connector_pre_launch:A,re:classloading,pl:accesstransformer:B,pl:mixin:A,pl:connector_pre_launch:A}
	at TRANSFORMER/minecraft@1.21.1/net.minecraft.commands.CommandSourceStack.handler$cfj000$arclight$checkPermission(CommandSourceStackMixin.java:687) ~[server-1.21.1-20240808.144430-srg.jar%23253!/:?] {re:mixin,pl:accesstransformer:B,pl:connector_pre_launch:A,re:classloading,pl:accesstransformer:B,pl:mixin:A,pl:connector_pre_launch:A}
	at TRANSFORMER/minecraft@1.21.1/net.minecraft.commands.CommandSourceStack.hasPermission(CommandSourceStackMixin.java) ~[server-1.21.1-20240808.144430-srg.jar%23253!/:?] {re:mixin,pl:accesstransformer:B,pl:connector_pre_launch:A,re:classloading,pl:accesstransformer:B,pl:mixin:A,pl:connector_pre_launch:A}
	at TRANSFORMER/minecraft@1.21.1/net.minecraft.server.commands.data.DataCommands.lambda$register$7(DataCommands.java:60) ~[server-1.21.1-20240808.144430-srg.jar%23253!/:?] {re:classloading,pl:connector_pre_launch:A}
	at TRANSFORMER/connector$brigadier/com.mojang.brigadier.tree.CommandNode.canUse(CommandNode.java:65) ~[brigadier-1.3.10.jar%23133!/:?] {re:classloading,re:mixin}
	at TRANSFORMER/connector$brigadier/com.mojang.brigadier.CommandDispatcher.parseNodes(CommandDispatcher.java:301) ~[brigadier-1.3.10.jar%23133!/:?] {re:classloading,re:mixin}
	at TRANSFORMER/connector$brigadier/com.mojang.brigadier.CommandDispatcher.parse(CommandDispatcher.java:291) ~[brigadier-1.3.10.jar%23133!/:?] {re:classloading,re:mixin}
	at TRANSFORMER/minecraft@1.21.1/net.minecraft.commands.functions.CommandFunction.parseCommand(CommandFunction.java:96) ~[server-1.21.1-20240808.144430-srg.jar%23253!/:?] {re:classloading,pl:connector_pre_launch:A}
	at TRANSFORMER/minecraft@1.21.1/net.minecraft.commands.functions.CommandFunction.fromLines(CommandFunction.java:78) ~[server-1.21.1-20240808.144430-srg.jar%23253!/:?] {re:classloading,pl:connector_pre_launch:A}
	at TRANSFORMER/minecraft@1.21.1/net.minecraft.server.ServerFunctionLibrary.lambda$reload$2(ServerFunctionLibrary.java:89) ~[server-1.21.1-20240808.144430-srg.jar%23253!/:?] {re:mixin,pl:connector_pre_launch:A,re:classloading,pl:mixin:APP:fabric-resource-loader-v0.mixins.json:KeyedResourceReloadListenerMixin from mod fabric_resource_loader_v0,pl:mixin:A,pl:connector_pre_launch:A}
	at java.base/java.util.concurrent.CompletableFuture$AsyncSupply.run(CompletableFuture.java:1768) ~[?:?] {}
	... 6 more
Caused by: java.lang.ExceptionInInitializerError: Exception java.lang.RuntimeException: java.lang.NoSuchFieldException: CURRENT_COMMAND [in thread "Worker-Main-4"]
	at TRANSFORMER/arclight@1.0.0-SNAPSHOT+7cc6e16/io.izzel.arclight.common.mod.compat.CommandNodeHooks.<clinit>(CommandNodeHooks.java:22) ~[arclight-1.21.1-1.0.0-SNAPSHOT-7cc6e16.jar%23255!/:arclight-1.21.1-1.0.0-SNAPSHOT-7cc6e16] {re:mixin,re:classloading}
	at TRANSFORMER/minecraft@1.21.1/net.minecraft.commands.CommandSourceStack.bridge$getCurrentCommand(CommandSourceStackMixin.java:711) ~[server-1.21.1-20240808.144430-srg.jar%23253!/:?] {re:mixin,pl:accesstransformer:B,pl:connector_pre_launch:A,re:classloading,pl:accesstransformer:B,pl:mixin:A,pl:connector_pre_launch:A}
	at TRANSFORMER/minecraft@1.21.1/net.minecraft.commands.CommandSourceStack.handler$cfj000$arclight$checkPermission(CommandSourceStackMixin.java:687) ~[server-1.21.1-20240808.144430-srg.jar%23253!/:?] {re:mixin,pl:accesstransformer:B,pl:connector_pre_launch:A,re:classloading,pl:accesstransformer:B,pl:mixin:A,pl:connector_pre_launch:A}
	at TRANSFORMER/minecraft@1.21.1/net.minecraft.commands.CommandSourceStack.hasPermission(CommandSourceStackMixin.java) ~[server-1.21.1-20240808.144430-srg.jar%23253!/:?] {re:mixin,pl:accesstransformer:B,pl:connector_pre_launch:A,re:classloading,pl:accesstransformer:B,pl:mixin:A,pl:connector_pre_launch:A}
	at TRANSFORMER/minecraft@1.21.1/net.minecraft.server.commands.ExecuteCommand.lambda$register$4(ExecuteCommand.java:187) ~[server-1.21.1-20240808.144430-srg.jar%23253!/:?] {re:classloading,pl:connector_pre_launch:A}
	at TRANSFORMER/connector$brigadier/com.mojang.brigadier.tree.CommandNode.canUse(CommandNode.java:65) ~[brigadier-1.3.10.jar%23133!/:?] {re:classloading,re:mixin}
	at TRANSFORMER/connector$brigadier/com.mojang.brigadier.CommandDispatcher.parseNodes(CommandDispatcher.java:301) ~[brigadier-1.3.10.jar%23133!/:?] {re:classloading,re:mixin}
	at TRANSFORMER/connector$brigadier/com.mojang.brigadier.CommandDispatcher.parse(CommandDispatcher.java:291) ~[brigadier-1.3.10.jar%23133!/:?] {re:classloading,re:mixin}
	at TRANSFORMER/minecraft@1.21.1/net.minecraft.commands.functions.CommandFunction.parseCommand(CommandFunction.java:96) ~[server-1.21.1-20240808.144430-srg.jar%23253!/:?] {re:classloading,pl:connector_pre_launch:A}
	at TRANSFORMER/minecraft@1.21.1/net.minecraft.commands.functions.CommandFunction.fromLines(CommandFunction.java:78) ~[server-1.21.1-20240808.144430-srg.jar%23253!/:?] {re:classloading,pl:connector_pre_launch:A}
	at TRANSFORMER/minecraft@1.21.1/net.minecraft.server.ServerFunctionLibrary.lambda$reload$2(ServerFunctionLibrary.java:89) ~[server-1.21.1-20240808.144430-srg.jar%23253!/:?] {re:mixin,pl:connector_pre_launch:A,re:classloading,pl:mixin:APP:fabric-resource-loader-v0.mixins.json:KeyedResourceReloadListenerMixin from mod fabric_resource_loader_v0,pl:mixin:A,pl:connector_pre_launch:A}
	at java.base/java.util.concurrent.CompletableFuture$AsyncSupply.run(CompletableFuture.java:1768) ~[?:?] {}
	... 6 more
[232月2025 12:59:01.190] [main/ERROR] [net.minecraft.server.ServerFunctionLibrary/]: Failed to load function aether:dev_new_world
java.util.concurrent.CompletionException: java.lang.ExceptionInInitializerError
	at java.base/java.util.concurrent.CompletableFuture.encodeThrowable(CompletableFuture.java:315) ~[?:?] {re:mixin}
	at java.base/java.util.concurrent.CompletableFuture.completeThrowable(CompletableFuture.java:320) ~[?:?] {re:mixin}
	at java.base/java.util.concurrent.CompletableFuture$AsyncSupply.run(CompletableFuture.java:1770) ~[?:?] {}
	at java.base/java.util.concurrent.CompletableFuture$AsyncSupply.exec(CompletableFuture.java:1760) ~[?:?] {}
	at java.base/java.util.concurrent.ForkJoinTask.doExec(ForkJoinTask.java:387) ~[?:?] {}
	at java.base/java.util.concurrent.ForkJoinPool$WorkQueue.topLevelExec(ForkJoinPool.java:1312) ~[?:?] {}
	at java.base/java.util.concurrent.ForkJoinPool.scan(ForkJoinPool.java:1843) ~[?:?] {re:mixin,re:computing_frames}
	at java.base/java.util.concurrent.ForkJoinPool.runWorker(ForkJoinPool.java:1808) ~[?:?] {re:mixin,re:computing_frames}
	at java.base/java.util.concurrent.ForkJoinWorkerThread.run(ForkJoinWorkerThread.java:188) ~[?:?] {re:mixin}
Caused by: java.lang.ExceptionInInitializerError
	at TRANSFORMER/minecraft@1.21.1/net.minecraft.commands.CommandSourceStack.bridge$getCurrentCommand(CommandSourceStackMixin.java:711) ~[server-1.21.1-20240808.144430-srg.jar%23253!/:?] {re:mixin,pl:accesstransformer:B,pl:connector_pre_launch:A,re:classloading,pl:accesstransformer:B,pl:mixin:A,pl:connector_pre_launch:A}
	at TRANSFORMER/minecraft@1.21.1/net.minecraft.commands.CommandSourceStack.handler$cfj000$arclight$checkPermission(CommandSourceStackMixin.java:687) ~[server-1.21.1-20240808.144430-srg.jar%23253!/:?] {re:mixin,pl:accesstransformer:B,pl:connector_pre_launch:A,re:classloading,pl:accesstransformer:B,pl:mixin:A,pl:connector_pre_launch:A}
	at TRANSFORMER/minecraft@1.21.1/net.minecraft.commands.CommandSourceStack.hasPermission(CommandSourceStackMixin.java) ~[server-1.21.1-20240808.144430-srg.jar%23253!/:?] {re:mixin,pl:accesstransformer:B,pl:connector_pre_launch:A,re:classloading,pl:accesstransformer:B,pl:mixin:A,pl:connector_pre_launch:A}
	at TRANSFORMER/minecraft@1.21.1/net.minecraft.server.commands.ExecuteCommand.lambda$register$4(ExecuteCommand.java:187) ~[server-1.21.1-20240808.144430-srg.jar%23253!/:?] {re:classloading,pl:connector_pre_launch:A}
	at TRANSFORMER/connector$brigadier/com.mojang.brigadier.tree.CommandNode.canUse(CommandNode.java:65) ~[brigadier-1.3.10.jar%23133!/:?] {re:classloading,re:mixin}
	at TRANSFORMER/connector$brigadier/com.mojang.brigadier.CommandDispatcher.parseNodes(CommandDispatcher.java:301) ~[brigadier-1.3.10.jar%23133!/:?] {re:classloading,re:mixin}
	at TRANSFORMER/connector$brigadier/com.mojang.brigadier.CommandDispatcher.parse(CommandDispatcher.java:291) ~[brigadier-1.3.10.jar%23133!/:?] {re:classloading,re:mixin}
	at TRANSFORMER/minecraft@1.21.1/net.minecraft.commands.functions.CommandFunction.parseCommand(CommandFunction.java:96) ~[server-1.21.1-20240808.144430-srg.jar%23253!/:?] {re:classloading,pl:connector_pre_launch:A}
	at TRANSFORMER/minecraft@1.21.1/net.minecraft.commands.functions.CommandFunction.fromLines(CommandFunction.java:78) ~[server-1.21.1-20240808.144430-srg.jar%23253!/:?] {re:classloading,pl:connector_pre_launch:A}
	at TRANSFORMER/minecraft@1.21.1/net.minecraft.server.ServerFunctionLibrary.lambda$reload$2(ServerFunctionLibrary.java:89) ~[server-1.21.1-20240808.144430-srg.jar%23253!/:?] {re:mixin,pl:connector_pre_launch:A,re:classloading,pl:mixin:APP:fabric-resource-loader-v0.mixins.json:KeyedResourceReloadListenerMixin from mod fabric_resource_loader_v0,pl:mixin:A,pl:connector_pre_launch:A}
	at java.base/java.util.concurrent.CompletableFuture$AsyncSupply.run(CompletableFuture.java:1768) ~[?:?] {}
	... 6 more
Caused by: java.lang.RuntimeException: java.lang.NoSuchFieldException: CURRENT_COMMAND
	at TRANSFORMER/arclight@1.0.0-SNAPSHOT+7cc6e16/io.izzel.arclight.common.mod.compat.CommandNodeHooks.<clinit>(CommandNodeHooks.java:22) ~[arclight-1.21.1-1.0.0-SNAPSHOT-7cc6e16.jar%23255!/:arclight-1.21.1-1.0.0-SNAPSHOT-7cc6e16] {re:mixin,re:classloading}
	at TRANSFORMER/minecraft@1.21.1/net.minecraft.commands.CommandSourceStack.bridge$getCurrentCommand(CommandSourceStackMixin.java:711) ~[server-1.21.1-20240808.144430-srg.jar%23253!/:?] {re:mixin,pl:accesstransformer:B,pl:connector_pre_launch:A,re:classloading,pl:accesstransformer:B,pl:mixin:A,pl:connector_pre_launch:A}
	at TRANSFORMER/minecraft@1.21.1/net.minecraft.commands.CommandSourceStack.handler$cfj000$arclight$checkPermission(CommandSourceStackMixin.java:687) ~[server-1.21.1-20240808.144430-srg.jar%23253!/:?] {re:mixin,pl:accesstransformer:B,pl:connector_pre_launch:A,re:classloading,pl:accesstransformer:B,pl:mixin:A,pl:connector_pre_launch:A}
	at TRANSFORMER/minecraft@1.21.1/net.minecraft.commands.CommandSourceStack.hasPermission(CommandSourceStackMixin.java) ~[server-1.21.1-20240808.144430-srg.jar%23253!/:?] {re:mixin,pl:accesstransformer:B,pl:connector_pre_launch:A,re:classloading,pl:accesstransformer:B,pl:mixin:A,pl:connector_pre_launch:A}
	at TRANSFORMER/minecraft@1.21.1/net.minecraft.server.commands.ExecuteCommand.lambda$register$4(ExecuteCommand.java:187) ~[server-1.21.1-20240808.144430-srg.jar%23253!/:?] {re:classloading,pl:connector_pre_launch:A}
	at TRANSFORMER/connector$brigadier/com.mojang.brigadier.tree.CommandNode.canUse(CommandNode.java:65) ~[brigadier-1.3.10.jar%23133!/:?] {re:classloading,re:mixin}
	at TRANSFORMER/connector$brigadier/com.mojang.brigadier.CommandDispatcher.parseNodes(CommandDispatcher.java:301) ~[brigadier-1.3.10.jar%23133!/:?] {re:classloading,re:mixin}
	at TRANSFORMER/connector$brigadier/com.mojang.brigadier.CommandDispatcher.parse(CommandDispatcher.java:291) ~[brigadier-1.3.10.jar%23133!/:?] {re:classloading,re:mixin}
	at TRANSFORMER/minecraft@1.21.1/net.minecraft.commands.functions.CommandFunction.parseCommand(CommandFunction.java:96) ~[server-1.21.1-20240808.144430-srg.jar%23253!/:?] {re:classloading,pl:connector_pre_launch:A}
	at TRANSFORMER/minecraft@1.21.1/net.minecraft.commands.functions.CommandFunction.fromLines(CommandFunction.java:78) ~[server-1.21.1-20240808.144430-srg.jar%23253!/:?] {re:classloading,pl:connector_pre_launch:A}
	at TRANSFORMER/minecraft@1.21.1/net.minecraft.server.ServerFunctionLibrary.lambda$reload$2(ServerFunctionLibrary.java:89) ~[server-1.21.1-20240808.144430-srg.jar%23253!/:?] {re:mixin,pl:connector_pre_launch:A,re:classloading,pl:mixin:APP:fabric-resource-loader-v0.mixins.json:KeyedResourceReloadListenerMixin from mod fabric_resource_loader_v0,pl:mixin:A,pl:connector_pre_launch:A}
	at java.base/java.util.concurrent.CompletableFuture$AsyncSupply.run(CompletableFuture.java:1768) ~[?:?] {}
	... 6 more
Caused by: java.lang.NoSuchFieldException: CURRENT_COMMAND
	at java.base/java.lang.Class.getDeclaredField(Class.java:2782) ~[?:?] {re:mixin}
	at TRANSFORMER/arclight@1.0.0-SNAPSHOT+7cc6e16/io.izzel.arclight.common.mod.compat.CommandNodeHooks.<clinit>(CommandNodeHooks.java:19) ~[arclight-1.21.1-1.0.0-SNAPSHOT-7cc6e16.jar%23255!/:arclight-1.21.1-1.0.0-SNAPSHOT-7cc6e16] {re:mixin,re:classloading}
	at TRANSFORMER/minecraft@1.21.1/net.minecraft.commands.CommandSourceStack.bridge$getCurrentCommand(CommandSourceStackMixin.java:711) ~[server-1.21.1-20240808.144430-srg.jar%23253!/:?] {re:mixin,pl:accesstransformer:B,pl:connector_pre_launch:A,re:classloading,pl:accesstransformer:B,pl:mixin:A,pl:connector_pre_launch:A}
	at TRANSFORMER/minecraft@1.21.1/net.minecraft.commands.CommandSourceStack.handler$cfj000$arclight$checkPermission(CommandSourceStackMixin.java:687) ~[server-1.21.1-20240808.144430-srg.jar%23253!/:?] {re:mixin,pl:accesstransformer:B,pl:connector_pre_launch:A,re:classloading,pl:accesstransformer:B,pl:mixin:A,pl:connector_pre_launch:A}
	at TRANSFORMER/minecraft@1.21.1/net.minecraft.commands.CommandSourceStack.hasPermission(CommandSourceStackMixin.java) ~[server-1.21.1-20240808.144430-srg.jar%23253!/:?] {re:mixin,pl:accesstransformer:B,pl:connector_pre_launch:A,re:classloading,pl:accesstransformer:B,pl:mixin:A,pl:connector_pre_launch:A}
	at TRANSFORMER/minecraft@1.21.1/net.minecraft.server.commands.ExecuteCommand.lambda$register$4(ExecuteCommand.java:187) ~[server-1.21.1-20240808.144430-srg.jar%23253!/:?] {re:classloading,pl:connector_pre_launch:A}
	at TRANSFORMER/connector$brigadier/com.mojang.brigadier.tree.CommandNode.canUse(CommandNode.java:65) ~[brigadier-1.3.10.jar%23133!/:?] {re:classloading,re:mixin}
	at TRANSFORMER/connector$brigadier/com.mojang.brigadier.CommandDispatcher.parseNodes(CommandDispatcher.java:301) ~[brigadier-1.3.10.jar%23133!/:?] {re:classloading,re:mixin}
	at TRANSFORMER/connector$brigadier/com.mojang.brigadier.CommandDispatcher.parse(CommandDispatcher.java:291) ~[brigadier-1.3.10.jar%23133!/:?] {re:classloading,re:mixin}
	at TRANSFORMER/minecraft@1.21.1/net.minecraft.commands.functions.CommandFunction.parseCommand(CommandFunction.java:96) ~[server-1.21.1-20240808.144430-srg.jar%23253!/:?] {re:classloading,pl:connector_pre_launch:A}
	at TRANSFORMER/minecraft@1.21.1/net.minecraft.commands.functions.CommandFunction.fromLines(CommandFunction.java:78) ~[server-1.21.1-20240808.144430-srg.jar%23253!/:?] {re:classloading,pl:connector_pre_launch:A}
	at TRANSFORMER/minecraft@1.21.1/net.minecraft.server.ServerFunctionLibrary.lambda$reload$2(ServerFunctionLibrary.java:89) ~[server-1.21.1-20240808.144430-srg.jar%23253!/:?] {re:mixin,pl:connector_pre_launch:A,re:classloading,pl:mixin:APP:fabric-resource-loader-v0.mixins.json:KeyedResourceReloadListenerMixin from mod fabric_resource_loader_v0,pl:mixin:A,pl:connector_pre_launch:A}
	at java.base/java.util.concurrent.CompletableFuture$AsyncSupply.run(CompletableFuture.java:1768) ~[?:?] {}
	... 6 more
[232月2025 12:59:01.452] [main/ERROR] [net.minecraft.advancements.AdvancementTree/]: Couldn't load advancements: [dungeons_arise:find_thornborn_towers, dungeons_arise:find_fishing_hut]
[232月2025 12:59:01.452] [main/INFO] [net.minecraft.advancements.AdvancementTree/]: Loaded 5524 advancements
[232月2025 12:59:01.455] [main/INFO] [Apotheosis : Spawner/]: Banned 2 mobs from being applicable to spawners.
[232月2025 12:59:01.457] [main/WARN] [net.neoforged.neoforge.common.loot.LootModifierManager/]: Could not decode GlobalLootModifier with json id aethersdelight:scavenging_wings_from_phyg - error: Failed to parse either. First: Unknown element name:killer; Second: Not a json array: {"condition":"minecraft:entity_properties","entity":"killer","predicate":{"equipment":{"mainhand":{"tag":"farmersdelight:tools/knives"}}}}
[232月2025 12:59:01.458] [main/WARN] [net.neoforged.neoforge.common.loot.LootModifierManager/]: Could not decode GlobalLootModifier with json id aethersdelight:scavenging_wings_from_flying_cow - error: Failed to parse either. First: Unknown element name:killer; Second: Not a json array: {"condition":"minecraft:entity_properties","entity":"killer","predicate":{"equipment":{"mainhand":{"tag":"farmersdelight:tools/knives"}}}}
[232月2025 12:59:01.458] [main/WARN] [net.neoforged.neoforge.common.loot.LootModifierManager/]: Could not decode GlobalLootModifier with json id aethersdelight:scavenging_cooked_wings_from_flying_cow - error: Failed to parse either. First: Unknown element name:killer; Second: Not a json array: {"condition":"minecraft:entity_properties","entity":"killer","predicate":{"equipment":{"mainhand":{"tag":"farmersdelight:tools/knives"}}}}
[232月2025 12:59:01.458] [main/WARN] [net.neoforged.neoforge.common.loot.LootModifierManager/]: Could not decode GlobalLootModifier with json id aethersdelight:scavenging_cooked_wings_from_phyg - error: Failed to parse either. First: Unknown element name:killer; Second: Not a json array: {"condition":"minecraft:entity_properties","entity":"killer","predicate":{"equipment":{"mainhand":{"tag":"farmersdelight:tools/knives"}}}}
[232月2025 12:59:01.464] [main/INFO] [Curios API/]: Loaded 13 curio slots
[232月2025 12:59:01.467] [main/INFO] [Curios API/]: Loaded 4 curio entities
[232月2025 12:59:01.496] [main/INFO] [Apotheosis : Enchantment/]: Registered 25 enchanting_stats.
[232月2025 12:59:01.505] [main/INFO] [placebo/]: Registered 41 gear_sets.
[232月2025 12:59:01.507] [main/INFO] [placebo/]: Registered 26 wanderer_trades.
[232月2025 12:59:01.511] [main/INFO] [placebo/]: Registered 37 brewing_mixes.
[232月2025 12:59:01.512] [main/INFO] [apotheosis/]: Registered 5 rarities.
[232月2025 12:59:01.526] [main/INFO] [apotheosis/]: Registered 90 affixes.
[232月2025 12:59:01.531] [main/INFO] [apotheosis/]: Registered 21 gems.
[232月2025 12:59:01.535] [main/INFO] [apotheosis/]: Registered 95 affix_loot_entries.
[232月2025 12:59:01.543] [main/INFO] [apotheosis/]: Registered 31 apothic_invaders.
[232月2025 12:59:01.545] [main/INFO] [apotheosis/]: Registered 9 rogue_spawners.
[232月2025 12:59:01.546] [main/INFO] [apotheosis/]: Registered 4 apothic_elites.
[232月2025 12:59:01.546] [main/INFO] [apotheosis/]: Registered 1 purity_weights.
[232月2025 12:59:01.547] [main/INFO] [apotheosis/]: Registered 0 apothic_augments.
[232月2025 12:59:01.548] [main/INFO] [apotheosis/]: Registered 19 tier_augments.
[232月2025 12:59:01.558] [main/WARN] [net.minecraft.core.MappedRegistry/]: Not all defined tags for registry ResourceKey[minecraft:root / minecraft:worldgen/biome] are present in data pack: totw_modded:has_structure/everbright_tower, totw_modded:has_structure/everdawn_tower, totw_modded:has_structure/glacio_tower, totw_modded:has_structure/mars_tower, totw_modded:has_structure/mercury_tower, totw_modded:has_structure/moon_tower, totw_modded:has_structure/ratlantis_tower, totw_modded:has_structure/venus_tower
[232月2025 12:59:01.563] [main/WARN] [net.minecraft.core.MappedRegistry/]: Not all defined tags for registry ResourceKey[minecraft:root / minecraft:block] are present in data pack: aethersdelight:incorrect_for_arkenium_tool, cataclysm:needs_black_steel_tool, cataclysm:needs_monstrosity_tool
[232月2025 12:59:01.592] [main/INFO] [net.neoforged.coremod.CoreMod.apothic_enchanting/COREMODLOG]: Replaced 1 calls to Enchantment#getMaxLevel() in net/minecraft/world/entity/npc/VillagerTrades$EnchantBookForEmeralds
[232月2025 12:59:01.628] [main/INFO] [wover-generator/]: Updating Pickers for WoVer - The End  BiomeSource (2b369460)
[232月2025 12:59:01.630] [main/INFO] [wover-generator/]: Make sure features are loaded from terrablender:org.betterx.wover.generator.impl.biomesource.end.WoverEndBiomeSource
[232月2025 12:59:01.630] [main/INFO] [wover-generator/]: Created WoverChunkGenerator with org.betterx.wover.generator.impl.biomesource.end.WoverEndBiomeSource
[232月2025 12:59:01.630] [main/INFO] [wover-generator/]: Updating Pickers for WoVer - Nether BiomeSource (66f7d26d)
[232月2025 12:59:01.631] [main/INFO] [wover-generator/]: Make sure features are loaded from terrablender:org.betterx.wover.generator.impl.biomesource.nether.WoverNetherBiomeSource
[232月2025 12:59:01.631] [main/INFO] [wover-generator/]: Created WoverChunkGenerator with org.betterx.wover.generator.impl.biomesource.nether.WoverNetherBiomeSource
[232月2025 12:59:01.635] [main/INFO] [wover-generator/]: Updating Pickers for WoVer - Nether BiomeSource (66f7d26d)
[232月2025 12:59:01.635] [main/INFO] [wover-generator/]: Updating Pickers for WoVer - Nether BiomeSource (2239225f)
[232月2025 12:59:01.636] [main/INFO] [wover-generator/]: Updating Pickers for WoVer - Nether BiomeSource (2239225f)
[232月2025 12:59:01.638] [main/INFO] [wover-generator/]: Added 4 biomes to wover:is_end/highland in 2.140 ms
[232月2025 12:59:01.638] [main/INFO] [wover-generator/]: Updating Pickers for WoVer - The End  BiomeSource (2b369460)
[232月2025 12:59:01.639] [main/INFO] [wover-generator/]: Updating Pickers for WoVer - The End  BiomeSource (59476de4)
[232月2025 12:59:01.639] [main/INFO] [wover-generator/]: Updating Pickers for WoVer - The End  BiomeSource (59476de4)
[232月2025 12:59:01.712] [main/INFO] [wover-biome/]: Applied 0 biome modifications and added 0 tags to 0 of 186 biomes in 1.570 ms
[232月2025 12:59:01.734] [Forge Version Check/WARN] [net.neoforged.fml.VersionChecker/]: Failed to process update information
com.google.gson.JsonSyntaxException: java.lang.IllegalStateException: Expected BEGIN_OBJECT but was STRING at line 1 column 1 path $
	at MC-BOOTSTRAP/com.google.gson@2.10.1/com.google.gson.Gson.fromJson(Gson.java:1238) ~[gson-2.10.1.jar%23114!/:?] {re:mixin}
	at MC-BOOTSTRAP/com.google.gson@2.10.1/com.google.gson.Gson.fromJson(Gson.java:1137) ~[gson-2.10.1.jar%23114!/:?] {re:mixin}
	at MC-BOOTSTRAP/com.google.gson@2.10.1/com.google.gson.Gson.fromJson(Gson.java:1047) ~[gson-2.10.1.jar%23114!/:?] {re:mixin}
	at MC-BOOTSTRAP/com.google.gson@2.10.1/com.google.gson.Gson.fromJson(Gson.java:982) ~[gson-2.10.1.jar%23114!/:?] {re:mixin}
	at MC-BOOTSTRAP/fml_loader@4.0.35/net.neoforged.fml.VersionChecker$1.process(VersionChecker.java:167) ~[loader-4.0.35.jar%2392!/:4.0] {}
	at java.base/java.lang.Iterable.forEach(Iterable.java:75) [?:?] {re:mixin}
	at MC-BOOTSTRAP/fml_loader@4.0.35/net.neoforged.fml.VersionChecker$1.run(VersionChecker.java:105) [loader-4.0.35.jar%2392!/:4.0] {}
Caused by: java.lang.IllegalStateException: Expected BEGIN_OBJECT but was STRING at line 1 column 1 path $
	at MC-BOOTSTRAP/com.google.gson@2.10.1/com.google.gson.stream.JsonReader.beginObject(JsonReader.java:393) ~[gson-2.10.1.jar%23114!/:?] {}
	at MC-BOOTSTRAP/com.google.gson@2.10.1/com.google.gson.internal.bind.MapTypeAdapterFactory$Adapter.read(MapTypeAdapterFactory.java:182) ~[gson-2.10.1.jar%23114!/:?] {}
	at MC-BOOTSTRAP/com.google.gson@2.10.1/com.google.gson.internal.bind.MapTypeAdapterFactory$Adapter.read(MapTypeAdapterFactory.java:144) ~[gson-2.10.1.jar%23114!/:?] {}
	at MC-BOOTSTRAP/com.google.gson@2.10.1/com.google.gson.Gson.fromJson(Gson.java:1227) ~[gson-2.10.1.jar%23114!/:?] {re:mixin}
	... 6 more
[232月2025 12:59:01.735] [Forge Version Check/INFO] [net.neoforged.fml.VersionChecker/]: [toms_storage] Starting version check at https://raw.githubusercontent.com/tom5454/Toms-Storage/master/version-check-nf.json
[232月2025 12:59:01.741] [Forge Version Check/WARN] [net.neoforged.fml.VersionChecker/]: Failed to process update information
javax.net.ssl.SSLHandshakeException: PKIX path building failed: sun.security.provider.certpath.SunCertPathBuilderException: unable to find valid certification path to requested target
	at java.net.http/jdk.internal.net.http.HttpClientImpl.send(HttpClientImpl.java:956) ~[java.net.http:?] {}
	at java.net.http/jdk.internal.net.http.HttpClientFacade.send(HttpClientFacade.java:133) ~[java.net.http:?] {}
	at MC-BOOTSTRAP/fml_loader@4.0.35/net.neoforged.fml.VersionChecker$1.openUrlString(VersionChecker.java:129) ~[loader-4.0.35.jar%2392!/:4.0] {}
	at MC-BOOTSTRAP/fml_loader@4.0.35/net.neoforged.fml.VersionChecker$1.process(VersionChecker.java:162) ~[loader-4.0.35.jar%2392!/:4.0] {}
	at java.base/java.lang.Iterable.forEach(Iterable.java:75) [?:?] {re:mixin}
	at MC-BOOTSTRAP/fml_loader@4.0.35/net.neoforged.fml.VersionChecker$1.run(VersionChecker.java:105) [loader-4.0.35.jar%2392!/:4.0] {}
Caused by: javax.net.ssl.SSLHandshakeException: PKIX path building failed: sun.security.provider.certpath.SunCertPathBuilderException: unable to find valid certification path to requested target
	at java.base/sun.security.ssl.Alert.createSSLException(Alert.java:130) ~[?:?] {}
	at java.base/sun.security.ssl.TransportContext.fatal(TransportContext.java:383) ~[?:?] {}
	at java.base/sun.security.ssl.TransportContext.fatal(TransportContext.java:326) ~[?:?] {}
	at java.base/sun.security.ssl.TransportContext.fatal(TransportContext.java:321) ~[?:?] {}
	at java.base/sun.security.ssl.CertificateMessage$T13CertificateConsumer.checkServerCerts(CertificateMessage.java:1318) ~[?:?] {}
	at java.base/sun.security.ssl.CertificateMessage$T13CertificateConsumer.onConsumeCertificate(CertificateMessage.java:1195) ~[?:?] {}
	at java.base/sun.security.ssl.CertificateMessage$T13CertificateConsumer.consume(CertificateMessage.java:1138) ~[?:?] {}
	at java.base/sun.security.ssl.SSLHandshake.consume(SSLHandshake.java:393) ~[?:?] {}
	at java.base/sun.security.ssl.HandshakeContext.dispatch(HandshakeContext.java:476) ~[?:?] {}
	at java.base/sun.security.ssl.SSLEngineImpl$DelegatedTask$DelegatedAction.run(SSLEngineImpl.java:1273) ~[?:?] {}
	at java.base/sun.security.ssl.SSLEngineImpl$DelegatedTask$DelegatedAction.run(SSLEngineImpl.java:1260) ~[?:?] {}
	at java.base/java.security.AccessController.doPrivileged(AccessController.java:714) ~[?:?] {}
	at java.base/sun.security.ssl.SSLEngineImpl$DelegatedTask.run(SSLEngineImpl.java:1205) ~[?:?] {}
	at java.base/java.util.ArrayList.forEach(ArrayList.java:1596) ~[?:?] {re:mixin}
	at java.net.http/jdk.internal.net.http.common.SSLFlowDelegate.lambda$executeTasks$3(SSLFlowDelegate.java:1148) ~[java.net.http:?] {}
	at java.net.http/jdk.internal.net.http.HttpClientImpl$DelegatingExecutor.execute(HttpClientImpl.java:177) ~[java.net.http:?] {}
	at java.net.http/jdk.internal.net.http.common.SSLFlowDelegate.executeTasks(SSLFlowDelegate.java:1143) ~[java.net.http:?] {}
	at java.net.http/jdk.internal.net.http.common.SSLFlowDelegate.doHandshake(SSLFlowDelegate.java:1109) ~[java.net.http:?] {}
	at java.net.http/jdk.internal.net.http.common.SSLFlowDelegate$Reader.processData(SSLFlowDelegate.java:508) ~[java.net.http:?] {}
	at java.net.http/jdk.internal.net.http.common.SSLFlowDelegate$Reader$ReaderDownstreamPusher.run(SSLFlowDelegate.java:283) ~[java.net.http:?] {}
	at java.net.http/jdk.internal.net.http.common.SequentialScheduler$LockingRestartableTask.run(SequentialScheduler.java:182) ~[java.net.http:?] {}
	at java.net.http/jdk.internal.net.http.common.SequentialScheduler$CompleteRestartableTask.run(SequentialScheduler.java:149) ~[java.net.http:?] {}
	at java.net.http/jdk.internal.net.http.common.SequentialScheduler$TryEndDeferredCompleter.complete(SequentialScheduler.java:324) ~[java.net.http:?] {}
	at java.net.http/jdk.internal.net.http.common.SequentialScheduler$CompleteRestartableTask.run(SequentialScheduler.java:151) ~[java.net.http:?] {}
	at java.net.http/jdk.internal.net.http.common.SequentialScheduler$SchedulableTask.run(SequentialScheduler.java:207) ~[java.net.http:?] {}
	at java.base/java.util.concurrent.ThreadPoolExecutor.runWorker(ThreadPoolExecutor.java:1144) ~[?:?] {}
	at java.base/java.util.concurrent.ThreadPoolExecutor$Worker.run(ThreadPoolExecutor.java:642) ~[?:?] {}
	at java.base/java.lang.Thread.run(Thread.java:1583) ~[?:?] {re:mixin}
Caused by: sun.security.validator.ValidatorException: PKIX path building failed: sun.security.provider.certpath.SunCertPathBuilderException: unable to find valid certification path to requested target
	at java.base/sun.security.validator.PKIXValidator.doBuild(PKIXValidator.java:388) ~[?:?] {}
	at java.base/sun.security.validator.PKIXValidator.engineValidate(PKIXValidator.java:271) ~[?:?] {}
	at java.base/sun.security.validator.Validator.validate(Validator.java:256) ~[?:?] {}
	at java.base/sun.security.ssl.X509TrustManagerImpl.checkTrusted(X509TrustManagerImpl.java:284) ~[?:?] {}
	at java.base/sun.security.ssl.X509TrustManagerImpl.checkServerTrusted(X509TrustManagerImpl.java:144) ~[?:?] {}
	at java.base/sun.security.ssl.CertificateMessage$T13CertificateConsumer.checkServerCerts(CertificateMessage.java:1296) ~[?:?] {}
	at java.base/sun.security.ssl.CertificateMessage$T13CertificateConsumer.onConsumeCertificate(CertificateMessage.java:1195) ~[?:?] {}
	at java.base/sun.security.ssl.CertificateMessage$T13CertificateConsumer.consume(CertificateMessage.java:1138) ~[?:?] {}
	at java.base/sun.security.ssl.SSLHandshake.consume(SSLHandshake.java:393) ~[?:?] {}
	at java.base/sun.security.ssl.HandshakeContext.dispatch(HandshakeContext.java:476) ~[?:?] {}
	at java.base/sun.security.ssl.SSLEngineImpl$DelegatedTask$DelegatedAction.run(SSLEngineImpl.java:1273) ~[?:?] {}
	at java.base/sun.security.ssl.SSLEngineImpl$DelegatedTask$DelegatedAction.run(SSLEngineImpl.java:1260) ~[?:?] {}
	at java.base/java.security.AccessController.doPrivileged(AccessController.java:714) ~[?:?] {}
	at java.base/sun.security.ssl.SSLEngineImpl$DelegatedTask.run(SSLEngineImpl.java:1205) ~[?:?] {}
	at java.base/java.util.ArrayList.forEach(ArrayList.java:1596) ~[?:?] {re:mixin}
	at java.net.http/jdk.internal.net.http.common.SSLFlowDelegate.lambda$executeTasks$3(SSLFlowDelegate.java:1148) ~[java.net.http:?] {}
	at java.net.http/jdk.internal.net.http.HttpClientImpl$DelegatingExecutor.execute(HttpClientImpl.java:177) ~[java.net.http:?] {}
	at java.net.http/jdk.internal.net.http.common.SSLFlowDelegate.executeTasks(SSLFlowDelegate.java:1143) ~[java.net.http:?] {}
	at java.net.http/jdk.internal.net.http.common.SSLFlowDelegate.doHandshake(SSLFlowDelegate.java:1109) ~[java.net.http:?] {}
	at java.net.http/jdk.internal.net.http.common.SSLFlowDelegate$Reader.processData(SSLFlowDelegate.java:508) ~[java.net.http:?] {}
	at java.net.http/jdk.internal.net.http.common.SSLFlowDelegate$Reader$ReaderDownstreamPusher.run(SSLFlowDelegate.java:283) ~[java.net.http:?] {}
	at java.net.http/jdk.internal.net.http.common.SequentialScheduler$LockingRestartableTask.run(SequentialScheduler.java:182) ~[java.net.http:?] {}
	at java.net.http/jdk.internal.net.http.common.SequentialScheduler$CompleteRestartableTask.run(SequentialScheduler.java:149) ~[java.net.http:?] {}
	at java.net.http/jdk.internal.net.http.common.SequentialScheduler$TryEndDeferredCompleter.complete(SequentialScheduler.java:324) ~[java.net.http:?] {}
	at java.net.http/jdk.internal.net.http.common.SequentialScheduler$CompleteRestartableTask.run(SequentialScheduler.java:151) ~[java.net.http:?] {}
	at java.net.http/jdk.internal.net.http.common.SequentialScheduler$SchedulableTask.run(SequentialScheduler.java:207) ~[java.net.http:?] {}
	at java.base/java.util.concurrent.ThreadPoolExecutor.runWorker(ThreadPoolExecutor.java:1144) ~[?:?] {}
	at java.base/java.util.concurrent.ThreadPoolExecutor$Worker.run(ThreadPoolExecutor.java:642) ~[?:?] {}
	at java.base/java.lang.Thread.run(Thread.java:1583) ~[?:?] {re:mixin}
Caused by: sun.security.provider.certpath.SunCertPathBuilderException: unable to find valid certification path to requested target
	at java.base/sun.security.provider.certpath.SunCertPathBuilder.build(SunCertPathBuilder.java:148) ~[?:?] {}
	at java.base/sun.security.provider.certpath.SunCertPathBuilder.engineBuild(SunCertPathBuilder.java:129) ~[?:?] {}
	at java.base/java.security.cert.CertPathBuilder.build(CertPathBuilder.java:297) ~[?:?] {}
	at java.base/sun.security.validator.PKIXValidator.doBuild(PKIXValidator.java:383) ~[?:?] {}
	at java.base/sun.security.validator.PKIXValidator.engineValidate(PKIXValidator.java:271) ~[?:?] {}
	at java.base/sun.security.validator.Validator.validate(Validator.java:256) ~[?:?] {}
	at java.base/sun.security.ssl.X509TrustManagerImpl.checkTrusted(X509TrustManagerImpl.java:284) ~[?:?] {}
	at java.base/sun.security.ssl.X509TrustManagerImpl.checkServerTrusted(X509TrustManagerImpl.java:144) ~[?:?] {}
	at java.base/sun.security.ssl.CertificateMessage$T13CertificateConsumer.checkServerCerts(CertificateMessage.java:1296) ~[?:?] {}
	at java.base/sun.security.ssl.CertificateMessage$T13CertificateConsumer.onConsumeCertificate(CertificateMessage.java:1195) ~[?:?] {}
	at java.base/sun.security.ssl.CertificateMessage$T13CertificateConsumer.consume(CertificateMessage.java:1138) ~[?:?] {}
	at java.base/sun.security.ssl.SSLHandshake.consume(SSLHandshake.java:393) ~[?:?] {}
	at java.base/sun.security.ssl.HandshakeContext.dispatch(HandshakeContext.java:476) ~[?:?] {}
	at java.base/sun.security.ssl.SSLEngineImpl$DelegatedTask$DelegatedAction.run(SSLEngineImpl.java:1273) ~[?:?] {}
	at java.base/sun.security.ssl.SSLEngineImpl$DelegatedTask$DelegatedAction.run(SSLEngineImpl.java:1260) ~[?:?] {}
	at java.base/java.security.AccessController.doPrivileged(AccessController.java:714) ~[?:?] {}
	at java.base/sun.security.ssl.SSLEngineImpl$DelegatedTask.run(SSLEngineImpl.java:1205) ~[?:?] {}
	at java.base/java.util.ArrayList.forEach(ArrayList.java:1596) ~[?:?] {re:mixin}
	at java.net.http/jdk.internal.net.http.common.SSLFlowDelegate.lambda$executeTasks$3(SSLFlowDelegate.java:1148) ~[java.net.http:?] {}
	at java.net.http/jdk.internal.net.http.HttpClientImpl$DelegatingExecutor.execute(HttpClientImpl.java:177) ~[java.net.http:?] {}
	at java.net.http/jdk.internal.net.http.common.SSLFlowDelegate.executeTasks(SSLFlowDelegate.java:1143) ~[java.net.http:?] {}
	at java.net.http/jdk.internal.net.http.common.SSLFlowDelegate.doHandshake(SSLFlowDelegate.java:1109) ~[java.net.http:?] {}
	at java.net.http/jdk.internal.net.http.common.SSLFlowDelegate$Reader.processData(SSLFlowDelegate.java:508) ~[java.net.http:?] {}
	at java.net.http/jdk.internal.net.http.common.SSLFlowDelegate$Reader$ReaderDownstreamPusher.run(SSLFlowDelegate.java:283) ~[java.net.http:?] {}
	at java.net.http/jdk.internal.net.http.common.SequentialScheduler$LockingRestartableTask.run(SequentialScheduler.java:182) ~[java.net.http:?] {}
	at java.net.http/jdk.internal.net.http.common.SequentialScheduler$CompleteRestartableTask.run(SequentialScheduler.java:149) ~[java.net.http:?] {}
	at java.net.http/jdk.internal.net.http.common.SequentialScheduler$TryEndDeferredCompleter.complete(SequentialScheduler.java:324) ~[java.net.http:?] {}
	at java.net.http/jdk.internal.net.http.common.SequentialScheduler$CompleteRestartableTask.run(SequentialScheduler.java:151) ~[java.net.http:?] {}
	at java.net.http/jdk.internal.net.http.common.SequentialScheduler$SchedulableTask.run(SequentialScheduler.java:207) ~[java.net.http:?] {}
	at java.base/java.util.concurrent.ThreadPoolExecutor.runWorker(ThreadPoolExecutor.java:1144) ~[?:?] {}
	at java.base/java.util.concurrent.ThreadPoolExecutor$Worker.run(ThreadPoolExecutor.java:642) ~[?:?] {}
	at java.base/java.lang.Thread.run(Thread.java:1583) ~[?:?] {re:mixin}
[232月2025 12:59:01.742] [Forge Version Check/INFO] [net.neoforged.fml.VersionChecker/]: [radium] Starting version check at https://api.modrinth.com/updates/radium/forge_updates.json?neoforge=include
[232月2025 12:59:02.151] [Server thread/INFO] [net.minecraft.server.dedicated.DedicatedServer/]: Starting minecraft server version 1.21.1
[232月2025 12:59:02.152] [Server thread/INFO] [net.minecraft.server.dedicated.DedicatedServer/]: Loading properties
[232月2025 12:59:02.152] [Server thread/INFO] [net.minecraft.server.dedicated.DedicatedServer/]: Default game type: SURVIVAL
[232月2025 12:59:02.152] [Server thread/INFO] [net.minecraft.server.MinecraftServer/]: Generating keypair
[232月2025 12:59:02.199] [Server thread/INFO] [net.minecraft.server.dedicated.DedicatedServer/]: Starting Minecraft server on *:25565
[232月2025 12:59:02.254] [Server thread/INFO] [net.minecraft.server.network.ServerConnectionListener/]: Using default channel type
[232月2025 12:59:02.409] [Server thread/INFO] [Minecraft/]: This server is running Arclight version arclight-1.21.1-1.0.0-SNAPSHOT-7cc6e16 (MC: 1.21.1) (Implementing API version 1.21.1-R0.1-SNAPSHOT)
[232月2025 12:59:03.019] [Server thread/INFO] [Minecraft/]: *** This version of Spigot contains changes to some enums. If you notice that plugins no longer work after updating, please report this to the developers of those plugins first. ***
[232月2025 12:59:03.019] [Server thread/INFO] [Minecraft/]: *** If you cannot update those plugins, you can try setting `settings.compatibility.enum-compatibility-mode` to `true` in `bukkit.yml`. ***
[232月2025 12:59:03.066] [Server thread/INFO] [Arclight/]: 正在向 Bukkit 注册 ...
[232月2025 12:59:03.201] [Server thread/INFO] [Arclight/]: 注册了 4308 个材料，其中 2621 个方块 1687 个物品
[232月2025 12:59:03.353] [Server thread/INFO] [Arclight/]: 注册了 235 个新的生物类型
[232月2025 12:59:03.355] [Forge Version Check/INFO] [net.neoforged.fml.VersionChecker/]: [radium] Found status: BETA Current: 0.13.1+git.4994e83 Target: 0.13.1
[232月2025 12:59:03.355] [Forge Version Check/INFO] [net.neoforged.fml.VersionChecker/]: [clumps] Starting version check at https://updates.blamejared.com/get?n=clumps&gv=1.21.1&ml=neoforge
[232月2025 12:59:03.357] [Server thread/INFO] [Arclight/]: 注册了 122 个新的生物群系
[232月2025 12:59:03.379] [Server thread/INFO] [Minecraft/]: Debug logging is enabled
[232月2025 12:59:03.380] [Server thread/INFO] [STDOUT/]: Server Ping Player Sample Count: 12
[232月2025 12:59:03.380] [Server thread/INFO] [Minecraft/]: Using 4 threads for Netty based IO
[232月2025 12:59:03.470] [Server thread/INFO] [com.tom.storagemod.StorageMod/]: Loaded Tom's Simple Storage config file toms_storage-server.toml
[232月2025 12:59:03.542] [Server thread/WARN] [net.neoforged.neoforge.server.ServerLifecycleHooks/]: Detected minecraft:ocelot that was registered with CREATURE mob category but was added under MONSTER mob category for biomesoplenty:rainforest biome! Mobs should be added to biomes under the same mob category that the mob was registered as to prevent mob cap spawning issues.
[232月2025 12:59:03.542] [Server thread/WARN] [net.neoforged.neoforge.server.ServerLifecycleHooks/]: Detected minecraft:ocelot that was registered with CREATURE mob category but was added under MONSTER mob category for biomesoplenty:rocky_rainforest biome! Mobs should be added to biomes under the same mob category that the mob was registered as to prevent mob cap spawning issues.
[232月2025 12:59:03.566] [Server thread/INFO] [FTB Teams/]: loaded team data: 0 known players, 0 teams total
[232月2025 12:59:03.649] [Forge Version Check/INFO] [net.neoforged.fml.VersionChecker/]: [clumps] Found status: BETA Current: 19.0.0.1 Target: 19.0.0.1
[232月2025 12:59:03.649] [Forge Version Check/INFO] [net.neoforged.fml.VersionChecker/]: [voicechat] Starting version check at https://update.maxhenkel.de/neoforge/voicechat
[232月2025 12:59:03.899] [Server thread/INFO] [terrablender/]: Initialized TerraBlender biomes for level stem minecraft:overworld
[232月2025 12:59:03.899] [Server thread/INFO] [net.minecraft.server.dedicated.DedicatedServer/]: Preparing level "world"
[232月2025 12:59:03.939] [Server thread/INFO] [wover-generator/]: World Dimensions: 
 - twilightforest:twilight_forest: 
     NoiseBasedChunkGenerator (142d1d2b)
         preset     = none
         noise      = twilightforest:twilight_noise_gen
         features   = minecraft(26), immersiveengineering(1), twilightforest(90), apotheosis(6)
     TFBiomeProvider (5ed69fc0)
         biomes     = 22
         namespaces = twilightforest(22)
 - minecraft:overworld: 
     NoiseBasedChunkGenerator (3936efb6)
         preset     = none
         noise      = minecraft:overworld
         features   = minecraft(107), yungsextras(62), farmersdelight(9), yungsbridges(1), immersiveengineering(7), biomesoplenty(203), geophilic(102), apotheosis(6), waystones(3)
     MultiNoiseBiomeSource (61b9fb69)
         biomes     = 114
         namespaces = minecraft(53), biomesoplenty(61)
 - minecraft:the_nether: 
     WoVer - Chunk Generator (6faca55f)
         preset     = none
         noise      = minecraft:nether
         features   = minecraft(37), immersiveengineering(1), biomesoplenty(27), apotheosis(6), waystones(1)
     WoVer - Nether BiomeSource (2239225f)
         biomes     = 10
         namespaces = biomesoplenty(5), minecraft(5)
         seed       = -388364821439855479
         height     = 128
         config     = NetherConfig{mapVersion=hex, useVerticalBiomes=true, biomeSize=16, biomeSizeVertical=5}
 - aether:the_aether: 
     NoiseBasedChunkGenerator (d8b328b)
         preset     = none
         noise      = aether:skylands
         features   = immersiveengineering(1), apotheosis(6), aether(23), aethersdelight(5)
     MultiNoiseBiomeSource (5d7e97ee)
         biomes     = 4
         namespaces = aether(4)
 - minecraft:the_end: 
     WoVer - Chunk Generator (78538e8e)
         preset     = none
         noise      = minecraft:end
         features   = minecraft(5), immersiveengineering(1), biomesoplenty(17), betterend(127), apotheosis(6), waystones(1)
     WoVer - The End  BiomeSource (59476de4)
         biomes     = 27
         namespaces = betterend(19), minecraft(5), biomesoplenty(3)
         seed       = -388364821439855479
         height     = 128
         deciders   = 0
         config     = EndConfig{mapVersion=hex, generatorVersion=vanilla, withVoidBiomes=true, innerVoidRadius=1024, voidBiomesSize=16, centerBiomesSize=16, landBiomesSize=16, barrensBiomesSize=16}
[232月2025 12:59:03.952] [Server thread/INFO] [Arclight/]: 注册了 2 个新的世界类型
[232月2025 12:59:04.175] [Server thread/WARN] [mixin/]: Method overwrite conflict for removeIf in lithium.mixins.json:collections.chunk_tickets.SortedArraySetMixin from mod radium, previously written by org.embeddedt.modernfix.common.mixin.bugfix.paper_chunk_patches.SortedArraySetMixin. Skipping method.
[232月2025 12:59:04.207] [Forge Version Check/INFO] [net.neoforged.fml.VersionChecker/]: [voicechat] Found status: BETA Current: 1.21.1-2.5.27 Target: 1.21.1-2.5.27
[232月2025 12:59:04.209] [Forge Version Check/INFO] [net.neoforged.fml.VersionChecker/]: [immersiveengineering] Starting version check at https://raw.githubusercontent.com/BluSunrize/ImmersiveEngineering/1.21.1/changelog.json
[232月2025 12:59:04.216] [Forge Version Check/WARN] [net.neoforged.fml.VersionChecker/]: Failed to process update information
javax.net.ssl.SSLHandshakeException: PKIX path building failed: sun.security.provider.certpath.SunCertPathBuilderException: unable to find valid certification path to requested target
	at java.net.http/jdk.internal.net.http.HttpClientImpl.send(HttpClientImpl.java:956) ~[java.net.http:?] {}
	at java.net.http/jdk.internal.net.http.HttpClientFacade.send(HttpClientFacade.java:133) ~[java.net.http:?] {}
	at MC-BOOTSTRAP/fml_loader@4.0.35/net.neoforged.fml.VersionChecker$1.openUrlString(VersionChecker.java:129) ~[loader-4.0.35.jar%2392!/:4.0] {}
	at MC-BOOTSTRAP/fml_loader@4.0.35/net.neoforged.fml.VersionChecker$1.process(VersionChecker.java:162) ~[loader-4.0.35.jar%2392!/:4.0] {}
	at java.base/java.lang.Iterable.forEach(Iterable.java:75) [?:?] {re:mixin}
	at MC-BOOTSTRAP/fml_loader@4.0.35/net.neoforged.fml.VersionChecker$1.run(VersionChecker.java:105) [loader-4.0.35.jar%2392!/:4.0] {}
Caused by: javax.net.ssl.SSLHandshakeException: PKIX path building failed: sun.security.provider.certpath.SunCertPathBuilderException: unable to find valid certification path to requested target
	at java.base/sun.security.ssl.Alert.createSSLException(Alert.java:130) ~[?:?] {}
	at java.base/sun.security.ssl.TransportContext.fatal(TransportContext.java:383) ~[?:?] {}
	at java.base/sun.security.ssl.TransportContext.fatal(TransportContext.java:326) ~[?:?] {}
	at java.base/sun.security.ssl.TransportContext.fatal(TransportContext.java:321) ~[?:?] {}
	at java.base/sun.security.ssl.CertificateMessage$T13CertificateConsumer.checkServerCerts(CertificateMessage.java:1318) ~[?:?] {}
	at java.base/sun.security.ssl.CertificateMessage$T13CertificateConsumer.onConsumeCertificate(CertificateMessage.java:1195) ~[?:?] {}
	at java.base/sun.security.ssl.CertificateMessage$T13CertificateConsumer.consume(CertificateMessage.java:1138) ~[?:?] {}
	at java.base/sun.security.ssl.SSLHandshake.consume(SSLHandshake.java:393) ~[?:?] {}
	at java.base/sun.security.ssl.HandshakeContext.dispatch(HandshakeContext.java:476) ~[?:?] {}
	at java.base/sun.security.ssl.SSLEngineImpl$DelegatedTask$DelegatedAction.run(SSLEngineImpl.java:1273) ~[?:?] {}
	at java.base/sun.security.ssl.SSLEngineImpl$DelegatedTask$DelegatedAction.run(SSLEngineImpl.java:1260) ~[?:?] {}
	at java.base/java.security.AccessController.doPrivileged(AccessController.java:714) ~[?:?] {}
	at java.base/sun.security.ssl.SSLEngineImpl$DelegatedTask.run(SSLEngineImpl.java:1205) ~[?:?] {}
	at java.base/java.util.ArrayList.forEach(ArrayList.java:1596) ~[?:?] {re:mixin}
	at java.net.http/jdk.internal.net.http.common.SSLFlowDelegate.lambda$executeTasks$3(SSLFlowDelegate.java:1148) ~[java.net.http:?] {}
	at java.net.http/jdk.internal.net.http.HttpClientImpl$DelegatingExecutor.execute(HttpClientImpl.java:177) ~[java.net.http:?] {}
	at java.net.http/jdk.internal.net.http.common.SSLFlowDelegate.executeTasks(SSLFlowDelegate.java:1143) ~[java.net.http:?] {}
	at java.net.http/jdk.internal.net.http.common.SSLFlowDelegate.doHandshake(SSLFlowDelegate.java:1109) ~[java.net.http:?] {}
	at java.net.http/jdk.internal.net.http.common.SSLFlowDelegate$Reader.processData(SSLFlowDelegate.java:508) ~[java.net.http:?] {}
	at java.net.http/jdk.internal.net.http.common.SSLFlowDelegate$Reader$ReaderDownstreamPusher.run(SSLFlowDelegate.java:283) ~[java.net.http:?] {}
	at java.net.http/jdk.internal.net.http.common.SequentialScheduler$LockingRestartableTask.run(SequentialScheduler.java:182) ~[java.net.http:?] {}
	at java.net.http/jdk.internal.net.http.common.SequentialScheduler$CompleteRestartableTask.run(SequentialScheduler.java:149) ~[java.net.http:?] {}
	at java.net.http/jdk.internal.net.http.common.SequentialScheduler$TryEndDeferredCompleter.complete(SequentialScheduler.java:324) ~[java.net.http:?] {}
	at java.net.http/jdk.internal.net.http.common.SequentialScheduler$CompleteRestartableTask.run(SequentialScheduler.java:151) ~[java.net.http:?] {}
	at java.net.http/jdk.internal.net.http.common.SequentialScheduler$SchedulableTask.run(SequentialScheduler.java:207) ~[java.net.http:?] {}
	at java.base/java.util.concurrent.ThreadPoolExecutor.runWorker(ThreadPoolExecutor.java:1144) ~[?:?] {}
	at java.base/java.util.concurrent.ThreadPoolExecutor$Worker.run(ThreadPoolExecutor.java:642) ~[?:?] {}
	at java.base/java.lang.Thread.run(Thread.java:1583) ~[?:?] {re:mixin}
Caused by: sun.security.validator.ValidatorException: PKIX path building failed: sun.security.provider.certpath.SunCertPathBuilderException: unable to find valid certification path to requested target
	at java.base/sun.security.validator.PKIXValidator.doBuild(PKIXValidator.java:388) ~[?:?] {}
	at java.base/sun.security.validator.PKIXValidator.engineValidate(PKIXValidator.java:271) ~[?:?] {}
	at java.base/sun.security.validator.Validator.validate(Validator.java:256) ~[?:?] {}
	at java.base/sun.security.ssl.X509TrustManagerImpl.checkTrusted(X509TrustManagerImpl.java:284) ~[?:?] {}
	at java.base/sun.security.ssl.X509TrustManagerImpl.checkServerTrusted(X509TrustManagerImpl.java:144) ~[?:?] {}
	at java.base/sun.security.ssl.CertificateMessage$T13CertificateConsumer.checkServerCerts(CertificateMessage.java:1296) ~[?:?] {}
	at java.base/sun.security.ssl.CertificateMessage$T13CertificateConsumer.onConsumeCertificate(CertificateMessage.java:1195) ~[?:?] {}
	at java.base/sun.security.ssl.CertificateMessage$T13CertificateConsumer.consume(CertificateMessage.java:1138) ~[?:?] {}
	at java.base/sun.security.ssl.SSLHandshake.consume(SSLHandshake.java:393) ~[?:?] {}
	at java.base/sun.security.ssl.HandshakeContext.dispatch(HandshakeContext.java:476) ~[?:?] {}
	at java.base/sun.security.ssl.SSLEngineImpl$DelegatedTask$DelegatedAction.run(SSLEngineImpl.java:1273) ~[?:?] {}
	at java.base/sun.security.ssl.SSLEngineImpl$DelegatedTask$DelegatedAction.run(SSLEngineImpl.java:1260) ~[?:?] {}
	at java.base/java.security.AccessController.doPrivileged(AccessController.java:714) ~[?:?] {}
	at java.base/sun.security.ssl.SSLEngineImpl$DelegatedTask.run(SSLEngineImpl.java:1205) ~[?:?] {}
	at java.base/java.util.ArrayList.forEach(ArrayList.java:1596) ~[?:?] {re:mixin}
	at java.net.http/jdk.internal.net.http.common.SSLFlowDelegate.lambda$executeTasks$3(SSLFlowDelegate.java:1148) ~[java.net.http:?] {}
	at java.net.http/jdk.internal.net.http.HttpClientImpl$DelegatingExecutor.execute(HttpClientImpl.java:177) ~[java.net.http:?] {}
	at java.net.http/jdk.internal.net.http.common.SSLFlowDelegate.executeTasks(SSLFlowDelegate.java:1143) ~[java.net.http:?] {}
	at java.net.http/jdk.internal.net.http.common.SSLFlowDelegate.doHandshake(SSLFlowDelegate.java:1109) ~[java.net.http:?] {}
	at java.net.http/jdk.internal.net.http.common.SSLFlowDelegate$Reader.processData(SSLFlowDelegate.java:508) ~[java.net.http:?] {}
	at java.net.http/jdk.internal.net.http.common.SSLFlowDelegate$Reader$ReaderDownstreamPusher.run(SSLFlowDelegate.java:283) ~[java.net.http:?] {}
	at java.net.http/jdk.internal.net.http.common.SequentialScheduler$LockingRestartableTask.run(SequentialScheduler.java:182) ~[java.net.http:?] {}
	at java.net.http/jdk.internal.net.http.common.SequentialScheduler$CompleteRestartableTask.run(SequentialScheduler.java:149) ~[java.net.http:?] {}
	at java.net.http/jdk.internal.net.http.common.SequentialScheduler$TryEndDeferredCompleter.complete(SequentialScheduler.java:324) ~[java.net.http:?] {}
	at java.net.http/jdk.internal.net.http.common.SequentialScheduler$CompleteRestartableTask.run(SequentialScheduler.java:151) ~[java.net.http:?] {}
	at java.net.http/jdk.internal.net.http.common.SequentialScheduler$SchedulableTask.run(SequentialScheduler.java:207) ~[java.net.http:?] {}
	at java.base/java.util.concurrent.ThreadPoolExecutor.runWorker(ThreadPoolExecutor.java:1144) ~[?:?] {}
	at java.base/java.util.concurrent.ThreadPoolExecutor$Worker.run(ThreadPoolExecutor.java:642) ~[?:?] {}
	at java.base/java.lang.Thread.run(Thread.java:1583) ~[?:?] {re:mixin}
Caused by: sun.security.provider.certpath.SunCertPathBuilderException: unable to find valid certification path to requested target
	at java.base/sun.security.provider.certpath.SunCertPathBuilder.build(SunCertPathBuilder.java:148) ~[?:?] {}
	at java.base/sun.security.provider.certpath.SunCertPathBuilder.engineBuild(SunCertPathBuilder.java:129) ~[?:?] {}
	at java.base/java.security.cert.CertPathBuilder.build(CertPathBuilder.java:297) ~[?:?] {}
	at java.base/sun.security.validator.PKIXValidator.doBuild(PKIXValidator.java:383) ~[?:?] {}
	at java.base/sun.security.validator.PKIXValidator.engineValidate(PKIXValidator.java:271) ~[?:?] {}
	at java.base/sun.security.validator.Validator.validate(Validator.java:256) ~[?:?] {}
	at java.base/sun.security.ssl.X509TrustManagerImpl.checkTrusted(X509TrustManagerImpl.java:284) ~[?:?] {}
	at java.base/sun.security.ssl.X509TrustManagerImpl.checkServerTrusted(X509TrustManagerImpl.java:144) ~[?:?] {}
	at java.base/sun.security.ssl.CertificateMessage$T13CertificateConsumer.checkServerCerts(CertificateMessage.java:1296) ~[?:?] {}
	at java.base/sun.security.ssl.CertificateMessage$T13CertificateConsumer.onConsumeCertificate(CertificateMessage.java:1195) ~[?:?] {}
	at java.base/sun.security.ssl.CertificateMessage$T13CertificateConsumer.consume(CertificateMessage.java:1138) ~[?:?] {}
	at java.base/sun.security.ssl.SSLHandshake.consume(SSLHandshake.java:393) ~[?:?] {}
	at java.base/sun.security.ssl.HandshakeContext.dispatch(HandshakeContext.java:476) ~[?:?] {}
	at java.base/sun.security.ssl.SSLEngineImpl$DelegatedTask$DelegatedAction.run(SSLEngineImpl.java:1273) ~[?:?] {}
	at java.base/sun.security.ssl.SSLEngineImpl$DelegatedTask$DelegatedAction.run(SSLEngineImpl.java:1260) ~[?:?] {}
	at java.base/java.security.AccessController.doPrivileged(AccessController.java:714) ~[?:?] {}
	at java.base/sun.security.ssl.SSLEngineImpl$DelegatedTask.run(SSLEngineImpl.java:1205) ~[?:?] {}
	at java.base/java.util.ArrayList.forEach(ArrayList.java:1596) ~[?:?] {re:mixin}
	at java.net.http/jdk.internal.net.http.common.SSLFlowDelegate.lambda$executeTasks$3(SSLFlowDelegate.java:1148) ~[java.net.http:?] {}
	at java.net.http/jdk.internal.net.http.HttpClientImpl$DelegatingExecutor.execute(HttpClientImpl.java:177) ~[java.net.http:?] {}
	at java.net.http/jdk.internal.net.http.common.SSLFlowDelegate.executeTasks(SSLFlowDelegate.java:1143) ~[java.net.http:?] {}
	at java.net.http/jdk.internal.net.http.common.SSLFlowDelegate.doHandshake(SSLFlowDelegate.java:1109) ~[java.net.http:?] {}
	at java.net.http/jdk.internal.net.http.common.SSLFlowDelegate$Reader.processData(SSLFlowDelegate.java:508) ~[java.net.http:?] {}
	at java.net.http/jdk.internal.net.http.common.SSLFlowDelegate$Reader$ReaderDownstreamPusher.run(SSLFlowDelegate.java:283) ~[java.net.http:?] {}
	at java.net.http/jdk.internal.net.http.common.SequentialScheduler$LockingRestartableTask.run(SequentialScheduler.java:182) ~[java.net.http:?] {}
	at java.net.http/jdk.internal.net.http.common.SequentialScheduler$CompleteRestartableTask.run(SequentialScheduler.java:149) ~[java.net.http:?] {}
	at java.net.http/jdk.internal.net.http.common.SequentialScheduler$TryEndDeferredCompleter.complete(SequentialScheduler.java:324) ~[java.net.http:?] {}
	at java.net.http/jdk.internal.net.http.common.SequentialScheduler$CompleteRestartableTask.run(SequentialScheduler.java:151) ~[java.net.http:?] {}
	at java.net.http/jdk.internal.net.http.common.SequentialScheduler$SchedulableTask.run(SequentialScheduler.java:207) ~[java.net.http:?] {}
	at java.base/java.util.concurrent.ThreadPoolExecutor.runWorker(ThreadPoolExecutor.java:1144) ~[?:?] {}
	at java.base/java.util.concurrent.ThreadPoolExecutor$Worker.run(ThreadPoolExecutor.java:642) ~[?:?] {}
	at java.base/java.lang.Thread.run(Thread.java:1583) ~[?:?] {re:mixin}
[232月2025 12:59:04.216] [Forge Version Check/INFO] [net.neoforged.fml.VersionChecker/]: [easy_villagers] Starting version check at https://update.maxhenkel.de/neoforge/easy_villagers
[232月2025 12:59:04.244] [Server thread/INFO] [Minecraft/]: -------- World Settings For [world] --------
[232月2025 12:59:04.244] [Server thread/INFO] [Minecraft/]: Nerfing mobs spawned from spawners: false
[232月2025 12:59:04.245] [Server thread/INFO] [Minecraft/]: Entity Activation Range: An 32 / Mo 32 / Ra 48 / Mi 16 / Tiv true / Isa false
[232月2025 12:59:04.245] [Server thread/INFO] [Minecraft/]: View Distance: 10
[232月2025 12:59:04.246] [Server thread/INFO] [Minecraft/]: Simulation Distance: 10
[232月2025 12:59:04.246] [Server thread/INFO] [Minecraft/]: Experience Merge Radius: 3.0
[232月2025 12:59:04.247] [Server thread/INFO] [Minecraft/]: Hopper Transfer: 8 Hopper Check: 1 Hopper Amount: 1 Hopper Can Load Chunks: false
[232月2025 12:59:04.247] [Server thread/INFO] [Minecraft/]: Zombie Aggressive Towards Villager: true
[232月2025 12:59:04.247] [Server thread/INFO] [Minecraft/]: Allow Zombie Pigmen to spawn from portal blocks: true
[232月2025 12:59:04.247] [Server thread/INFO] [Minecraft/]: Item Despawn Rate: 6000
[232月2025 12:59:04.247] [Server thread/INFO] [Minecraft/]: Mob Spawn Range: 6
[232月2025 12:59:04.247] [Server thread/INFO] [Minecraft/]: Arrow Despawn Rate: 1200 Trident Respawn Rate:1200
[232月2025 12:59:04.248] [Server thread/INFO] [Minecraft/]: Max TNT Explosions: 100
[232月2025 12:59:04.249] [Server thread/INFO] [Minecraft/]: Custom Map Seeds:  Village: 10387312 Desert: 14357617 Igloo: 14357618 Jungle: 14357619 Swamp: 14357620 Monument: 10387313 Ocean: 14357621 Shipwreck: 165745295 End City: 10387313 Slime: 987234911 Nether: 30084232 Mansion: 10387319 Fossil: 14357921 Portal: 34222645
[232月2025 12:59:04.249] [Server thread/INFO] [Minecraft/]: Cactus Growth Modifier: 100%
[232月2025 12:59:04.249] [Server thread/INFO] [Minecraft/]: Cane Growth Modifier: 100%
[232月2025 12:59:04.249] [Server thread/INFO] [Minecraft/]: Melon Growth Modifier: 100%
[232月2025 12:59:04.249] [Server thread/INFO] [Minecraft/]: Mushroom Growth Modifier: 100%
[232月2025 12:59:04.249] [Server thread/INFO] [Minecraft/]: Pumpkin Growth Modifier: 100%
[232月2025 12:59:04.249] [Server thread/INFO] [Minecraft/]: Sapling Growth Modifier: 100%
[232月2025 12:59:04.249] [Server thread/INFO] [Minecraft/]: Beetroot Growth Modifier: 100%
[232月2025 12:59:04.249] [Server thread/INFO] [Minecraft/]: Carrot Growth Modifier: 100%
[232月2025 12:59:04.249] [Server thread/INFO] [Minecraft/]: Potato Growth Modifier: 100%
[232月2025 12:59:04.249] [Server thread/INFO] [Minecraft/]: Wheat Growth Modifier: 100%
[232月2025 12:59:04.249] [Server thread/INFO] [Minecraft/]: NetherWart Growth Modifier: 100%
[232月2025 12:59:04.249] [Server thread/INFO] [Minecraft/]: Vine Growth Modifier: 100%
[232月2025 12:59:04.249] [Server thread/INFO] [Minecraft/]: Cocoa Growth Modifier: 100%
[232月2025 12:59:04.249] [Server thread/INFO] [Minecraft/]: Bamboo Growth Modifier: 100%
[232月2025 12:59:04.249] [Server thread/INFO] [Minecraft/]: SweetBerry Growth Modifier: 100%
[232月2025 12:59:04.249] [Server thread/INFO] [Minecraft/]: Kelp Growth Modifier: 100%
[232月2025 12:59:04.249] [Server thread/INFO] [Minecraft/]: TwistingVines Growth Modifier: 100%
[232月2025 12:59:04.249] [Server thread/INFO] [Minecraft/]: WeepingVines Growth Modifier: 100%
[232月2025 12:59:04.249] [Server thread/INFO] [Minecraft/]: CaveVines Growth Modifier: 100%
[232月2025 12:59:04.249] [Server thread/INFO] [Minecraft/]: Entity Tracking Range: Pl 48 / An 48 / Mo 48 / Mi 32 / Di 128 / Other 64
[232月2025 12:59:04.250] [Server thread/INFO] [Minecraft/]: Tile Max Tick Time: 50ms Entity max Tick Time: 50ms
[232月2025 12:59:04.250] [Server thread/INFO] [Minecraft/]: Item Merge Radius: 2.5
[232月2025 12:59:04.285] [Server thread/INFO] [Minecraft/]: -------- World Settings For [world/twilightforest/twilight_forest] --------
[232月2025 12:59:04.285] [Server thread/INFO] [Minecraft/]: Nerfing mobs spawned from spawners: false
[232月2025 12:59:04.285] [Server thread/INFO] [Minecraft/]: Entity Activation Range: An 32 / Mo 32 / Ra 48 / Mi 16 / Tiv true / Isa false
[232月2025 12:59:04.285] [Server thread/INFO] [Minecraft/]: View Distance: 10
[232月2025 12:59:04.285] [Server thread/INFO] [Minecraft/]: Simulation Distance: 10
[232月2025 12:59:04.285] [Server thread/INFO] [Minecraft/]: Experience Merge Radius: 3.0
[232月2025 12:59:04.285] [Server thread/INFO] [Minecraft/]: Hopper Transfer: 8 Hopper Check: 1 Hopper Amount: 1 Hopper Can Load Chunks: false
[232月2025 12:59:04.285] [Server thread/INFO] [Minecraft/]: Zombie Aggressive Towards Villager: true
[232月2025 12:59:04.285] [Server thread/INFO] [Minecraft/]: Allow Zombie Pigmen to spawn from portal blocks: true
[232月2025 12:59:04.285] [Server thread/INFO] [Minecraft/]: Item Despawn Rate: 6000
[232月2025 12:59:04.286] [Server thread/INFO] [Minecraft/]: Mob Spawn Range: 6
[232月2025 12:59:04.286] [Server thread/INFO] [Minecraft/]: Arrow Despawn Rate: 1200 Trident Respawn Rate:1200
[232月2025 12:59:04.286] [Server thread/INFO] [Minecraft/]: Max TNT Explosions: 100
[232月2025 12:59:04.286] [Server thread/INFO] [Minecraft/]: Custom Map Seeds:  Village: 10387312 Desert: 14357617 Igloo: 14357618 Jungle: 14357619 Swamp: 14357620 Monument: 10387313 Ocean: 14357621 Shipwreck: 165745295 End City: 10387313 Slime: 987234911 Nether: 30084232 Mansion: 10387319 Fossil: 14357921 Portal: 34222645
[232月2025 12:59:04.286] [Server thread/INFO] [Minecraft/]: Cactus Growth Modifier: 100%
[232月2025 12:59:04.286] [Server thread/INFO] [Minecraft/]: Cane Growth Modifier: 100%
[232月2025 12:59:04.286] [Server thread/INFO] [Minecraft/]: Melon Growth Modifier: 100%
[232月2025 12:59:04.286] [Server thread/INFO] [Minecraft/]: Mushroom Growth Modifier: 100%
[232月2025 12:59:04.286] [Server thread/INFO] [Minecraft/]: Pumpkin Growth Modifier: 100%
[232月2025 12:59:04.286] [Server thread/INFO] [Minecraft/]: Sapling Growth Modifier: 100%
[232月2025 12:59:04.286] [Server thread/INFO] [Minecraft/]: Beetroot Growth Modifier: 100%
[232月2025 12:59:04.286] [Server thread/INFO] [Minecraft/]: Carrot Growth Modifier: 100%
[232月2025 12:59:04.286] [Server thread/INFO] [Minecraft/]: Potato Growth Modifier: 100%
[232月2025 12:59:04.286] [Server thread/INFO] [Minecraft/]: Wheat Growth Modifier: 100%
[232月2025 12:59:04.286] [Server thread/INFO] [Minecraft/]: NetherWart Growth Modifier: 100%
[232月2025 12:59:04.286] [Server thread/INFO] [Minecraft/]: Vine Growth Modifier: 100%
[232月2025 12:59:04.286] [Server thread/INFO] [Minecraft/]: Cocoa Growth Modifier: 100%
[232月2025 12:59:04.286] [Server thread/INFO] [Minecraft/]: Bamboo Growth Modifier: 100%
[232月2025 12:59:04.286] [Server thread/INFO] [Minecraft/]: SweetBerry Growth Modifier: 100%
[232月2025 12:59:04.286] [Server thread/INFO] [Minecraft/]: Kelp Growth Modifier: 100%
[232月2025 12:59:04.286] [Server thread/INFO] [Minecraft/]: TwistingVines Growth Modifier: 100%
[232月2025 12:59:04.286] [Server thread/INFO] [Minecraft/]: WeepingVines Growth Modifier: 100%
[232月2025 12:59:04.286] [Server thread/INFO] [Minecraft/]: CaveVines Growth Modifier: 100%
[232月2025 12:59:04.286] [Server thread/INFO] [Minecraft/]: Entity Tracking Range: Pl 48 / An 48 / Mo 48 / Mi 32 / Di 128 / Other 64
[232月2025 12:59:04.286] [Server thread/INFO] [Minecraft/]: Tile Max Tick Time: 50ms Entity max Tick Time: 50ms
[232月2025 12:59:04.286] [Server thread/INFO] [Minecraft/]: Item Merge Radius: 2.5
[232月2025 12:59:04.300] [Server thread/INFO] [Minecraft/]: -------- World Settings For [world/DIM-1] --------
[232月2025 12:59:04.300] [Server thread/INFO] [Minecraft/]: Nerfing mobs spawned from spawners: false
[232月2025 12:59:04.300] [Server thread/INFO] [Minecraft/]: Entity Activation Range: An 32 / Mo 32 / Ra 48 / Mi 16 / Tiv true / Isa false
[232月2025 12:59:04.300] [Server thread/INFO] [Minecraft/]: View Distance: 10
[232月2025 12:59:04.300] [Server thread/INFO] [Minecraft/]: Simulation Distance: 10
[232月2025 12:59:04.300] [Server thread/INFO] [Minecraft/]: Experience Merge Radius: 3.0
[232月2025 12:59:04.300] [Server thread/INFO] [Minecraft/]: Hopper Transfer: 8 Hopper Check: 1 Hopper Amount: 1 Hopper Can Load Chunks: false
[232月2025 12:59:04.300] [Server thread/INFO] [Minecraft/]: Zombie Aggressive Towards Villager: true
[232月2025 12:59:04.300] [Server thread/INFO] [Minecraft/]: Allow Zombie Pigmen to spawn from portal blocks: true
[232月2025 12:59:04.300] [Server thread/INFO] [Minecraft/]: Item Despawn Rate: 6000
[232月2025 12:59:04.300] [Server thread/INFO] [Minecraft/]: Mob Spawn Range: 6
[232月2025 12:59:04.300] [Server thread/INFO] [Minecraft/]: Arrow Despawn Rate: 1200 Trident Respawn Rate:1200
[232月2025 12:59:04.300] [Server thread/INFO] [Minecraft/]: Max TNT Explosions: 100
[232月2025 12:59:04.300] [Server thread/INFO] [Minecraft/]: Custom Map Seeds:  Village: 10387312 Desert: 14357617 Igloo: 14357618 Jungle: 14357619 Swamp: 14357620 Monument: 10387313 Ocean: 14357621 Shipwreck: 165745295 End City: 10387313 Slime: 987234911 Nether: 30084232 Mansion: 10387319 Fossil: 14357921 Portal: 34222645
[232月2025 12:59:04.300] [Server thread/INFO] [Minecraft/]: Cactus Growth Modifier: 100%
[232月2025 12:59:04.300] [Server thread/INFO] [Minecraft/]: Cane Growth Modifier: 100%
[232月2025 12:59:04.300] [Server thread/INFO] [Minecraft/]: Melon Growth Modifier: 100%
[232月2025 12:59:04.300] [Server thread/INFO] [Minecraft/]: Mushroom Growth Modifier: 100%
[232月2025 12:59:04.300] [Server thread/INFO] [Minecraft/]: Pumpkin Growth Modifier: 100%
[232月2025 12:59:04.300] [Server thread/INFO] [Minecraft/]: Sapling Growth Modifier: 100%
[232月2025 12:59:04.300] [Server thread/INFO] [Minecraft/]: Beetroot Growth Modifier: 100%
[232月2025 12:59:04.300] [Server thread/INFO] [Minecraft/]: Carrot Growth Modifier: 100%
[232月2025 12:59:04.300] [Server thread/INFO] [Minecraft/]: Potato Growth Modifier: 100%
[232月2025 12:59:04.300] [Server thread/INFO] [Minecraft/]: Wheat Growth Modifier: 100%
[232月2025 12:59:04.300] [Server thread/INFO] [Minecraft/]: NetherWart Growth Modifier: 100%
[232月2025 12:59:04.300] [Server thread/INFO] [Minecraft/]: Vine Growth Modifier: 100%
[232月2025 12:59:04.300] [Server thread/INFO] [Minecraft/]: Cocoa Growth Modifier: 100%
[232月2025 12:59:04.300] [Server thread/INFO] [Minecraft/]: Bamboo Growth Modifier: 100%
[232月2025 12:59:04.300] [Server thread/INFO] [Minecraft/]: SweetBerry Growth Modifier: 100%
[232月2025 12:59:04.300] [Server thread/INFO] [Minecraft/]: Kelp Growth Modifier: 100%
[232月2025 12:59:04.300] [Server thread/INFO] [Minecraft/]: TwistingVines Growth Modifier: 100%
[232月2025 12:59:04.300] [Server thread/INFO] [Minecraft/]: WeepingVines Growth Modifier: 100%
[232月2025 12:59:04.300] [Server thread/INFO] [Minecraft/]: CaveVines Growth Modifier: 100%
[232月2025 12:59:04.300] [Server thread/INFO] [Minecraft/]: Entity Tracking Range: Pl 48 / An 48 / Mo 48 / Mi 32 / Di 128 / Other 64
[232月2025 12:59:04.300] [Server thread/INFO] [Minecraft/]: Tile Max Tick Time: 50ms Entity max Tick Time: 50ms
[232月2025 12:59:04.300] [Server thread/INFO] [Minecraft/]: Item Merge Radius: 2.5
[232月2025 12:59:04.312] [Server thread/INFO] [Minecraft/]: -------- World Settings For [world/aether/the_aether] --------
[232月2025 12:59:04.312] [Server thread/INFO] [Minecraft/]: Nerfing mobs spawned from spawners: false
[232月2025 12:59:04.312] [Server thread/INFO] [Minecraft/]: Entity Activation Range: An 32 / Mo 32 / Ra 48 / Mi 16 / Tiv true / Isa false
[232月2025 12:59:04.312] [Server thread/INFO] [Minecraft/]: View Distance: 10
[232月2025 12:59:04.313] [Server thread/INFO] [Minecraft/]: Simulation Distance: 10
[232月2025 12:59:04.313] [Server thread/INFO] [Minecraft/]: Experience Merge Radius: 3.0
[232月2025 12:59:04.313] [Server thread/INFO] [Minecraft/]: Hopper Transfer: 8 Hopper Check: 1 Hopper Amount: 1 Hopper Can Load Chunks: false
[232月2025 12:59:04.313] [Server thread/INFO] [Minecraft/]: Zombie Aggressive Towards Villager: true
[232月2025 12:59:04.313] [Server thread/INFO] [Minecraft/]: Allow Zombie Pigmen to spawn from portal blocks: true
[232月2025 12:59:04.313] [Server thread/INFO] [Minecraft/]: Item Despawn Rate: 6000
[232月2025 12:59:04.313] [Server thread/INFO] [Minecraft/]: Mob Spawn Range: 6
[232月2025 12:59:04.313] [Server thread/INFO] [Minecraft/]: Arrow Despawn Rate: 1200 Trident Respawn Rate:1200
[232月2025 12:59:04.313] [Server thread/INFO] [Minecraft/]: Max TNT Explosions: 100
[232月2025 12:59:04.313] [Server thread/INFO] [Minecraft/]: Custom Map Seeds:  Village: 10387312 Desert: 14357617 Igloo: 14357618 Jungle: 14357619 Swamp: 14357620 Monument: 10387313 Ocean: 14357621 Shipwreck: 165745295 End City: 10387313 Slime: 987234911 Nether: 30084232 Mansion: 10387319 Fossil: 14357921 Portal: 34222645
[232月2025 12:59:04.313] [Server thread/INFO] [Minecraft/]: Cactus Growth Modifier: 100%
[232月2025 12:59:04.313] [Server thread/INFO] [Minecraft/]: Cane Growth Modifier: 100%
[232月2025 12:59:04.313] [Server thread/INFO] [Minecraft/]: Melon Growth Modifier: 100%
[232月2025 12:59:04.313] [Server thread/INFO] [Minecraft/]: Mushroom Growth Modifier: 100%
[232月2025 12:59:04.313] [Server thread/INFO] [Minecraft/]: Pumpkin Growth Modifier: 100%
[232月2025 12:59:04.313] [Server thread/INFO] [Minecraft/]: Sapling Growth Modifier: 100%
[232月2025 12:59:04.313] [Server thread/INFO] [Minecraft/]: Beetroot Growth Modifier: 100%
[232月2025 12:59:04.313] [Server thread/INFO] [Minecraft/]: Carrot Growth Modifier: 100%
[232月2025 12:59:04.313] [Server thread/INFO] [Minecraft/]: Potato Growth Modifier: 100%
[232月2025 12:59:04.313] [Server thread/INFO] [Minecraft/]: Wheat Growth Modifier: 100%
[232月2025 12:59:04.313] [Server thread/INFO] [Minecraft/]: NetherWart Growth Modifier: 100%
[232月2025 12:59:04.313] [Server thread/INFO] [Minecraft/]: Vine Growth Modifier: 100%
[232月2025 12:59:04.313] [Server thread/INFO] [Minecraft/]: Cocoa Growth Modifier: 100%
[232月2025 12:59:04.313] [Server thread/INFO] [Minecraft/]: Bamboo Growth Modifier: 100%
[232月2025 12:59:04.313] [Server thread/INFO] [Minecraft/]: SweetBerry Growth Modifier: 100%
[232月2025 12:59:04.313] [Server thread/INFO] [Minecraft/]: Kelp Growth Modifier: 100%
[232月2025 12:59:04.313] [Server thread/INFO] [Minecraft/]: TwistingVines Growth Modifier: 100%
[232月2025 12:59:04.313] [Server thread/INFO] [Minecraft/]: WeepingVines Growth Modifier: 100%
[232月2025 12:59:04.313] [Server thread/INFO] [Minecraft/]: CaveVines Growth Modifier: 100%
[232月2025 12:59:04.313] [Server thread/INFO] [Minecraft/]: Entity Tracking Range: Pl 48 / An 48 / Mo 48 / Mi 32 / Di 128 / Other 64
[232月2025 12:59:04.313] [Server thread/INFO] [Minecraft/]: Tile Max Tick Time: 50ms Entity max Tick Time: 50ms
[232月2025 12:59:04.313] [Server thread/INFO] [Minecraft/]: Item Merge Radius: 2.5
[232月2025 12:59:04.337] [Server thread/INFO] [Minecraft/]: -------- World Settings For [world/DIM1] --------
[232月2025 12:59:04.337] [Server thread/INFO] [Minecraft/]: Nerfing mobs spawned from spawners: false
[232月2025 12:59:04.337] [Server thread/INFO] [Minecraft/]: Entity Activation Range: An 32 / Mo 32 / Ra 48 / Mi 16 / Tiv true / Isa false
[232月2025 12:59:04.337] [Server thread/INFO] [Minecraft/]: View Distance: 10
[232月2025 12:59:04.337] [Server thread/INFO] [Minecraft/]: Simulation Distance: 10
[232月2025 12:59:04.337] [Server thread/INFO] [Minecraft/]: Experience Merge Radius: 3.0
[232月2025 12:59:04.337] [Server thread/INFO] [Minecraft/]: Hopper Transfer: 8 Hopper Check: 1 Hopper Amount: 1 Hopper Can Load Chunks: false
[232月2025 12:59:04.337] [Server thread/INFO] [Minecraft/]: Zombie Aggressive Towards Villager: true
[232月2025 12:59:04.337] [Server thread/INFO] [Minecraft/]: Allow Zombie Pigmen to spawn from portal blocks: true
[232月2025 12:59:04.337] [Server thread/INFO] [Minecraft/]: Item Despawn Rate: 6000
[232月2025 12:59:04.337] [Server thread/INFO] [Minecraft/]: Mob Spawn Range: 6
[232月2025 12:59:04.337] [Server thread/INFO] [Minecraft/]: Arrow Despawn Rate: 1200 Trident Respawn Rate:1200
[232月2025 12:59:04.337] [Server thread/INFO] [Minecraft/]: Max TNT Explosions: 100
[232月2025 12:59:04.337] [Server thread/INFO] [Minecraft/]: Custom Map Seeds:  Village: 10387312 Desert: 14357617 Igloo: 14357618 Jungle: 14357619 Swamp: 14357620 Monument: 10387313 Ocean: 14357621 Shipwreck: 165745295 End City: 10387313 Slime: 987234911 Nether: 30084232 Mansion: 10387319 Fossil: 14357921 Portal: 34222645
[232月2025 12:59:04.337] [Server thread/INFO] [Minecraft/]: Cactus Growth Modifier: 100%
[232月2025 12:59:04.337] [Server thread/INFO] [Minecraft/]: Cane Growth Modifier: 100%
[232月2025 12:59:04.337] [Server thread/INFO] [Minecraft/]: Melon Growth Modifier: 100%
[232月2025 12:59:04.337] [Server thread/INFO] [Minecraft/]: Mushroom Growth Modifier: 100%
[232月2025 12:59:04.337] [Server thread/INFO] [Minecraft/]: Pumpkin Growth Modifier: 100%
[232月2025 12:59:04.337] [Server thread/INFO] [Minecraft/]: Sapling Growth Modifier: 100%
[232月2025 12:59:04.337] [Server thread/INFO] [Minecraft/]: Beetroot Growth Modifier: 100%
[232月2025 12:59:04.337] [Server thread/INFO] [Minecraft/]: Carrot Growth Modifier: 100%
[232月2025 12:59:04.337] [Server thread/INFO] [Minecraft/]: Potato Growth Modifier: 100%
[232月2025 12:59:04.337] [Server thread/INFO] [Minecraft/]: Wheat Growth Modifier: 100%
[232月2025 12:59:04.337] [Server thread/INFO] [Minecraft/]: NetherWart Growth Modifier: 100%
[232月2025 12:59:04.337] [Server thread/INFO] [Minecraft/]: Vine Growth Modifier: 100%
[232月2025 12:59:04.337] [Server thread/INFO] [Minecraft/]: Cocoa Growth Modifier: 100%
[232月2025 12:59:04.337] [Server thread/INFO] [Minecraft/]: Bamboo Growth Modifier: 100%
[232月2025 12:59:04.337] [Server thread/INFO] [Minecraft/]: SweetBerry Growth Modifier: 100%
[232月2025 12:59:04.337] [Server thread/INFO] [Minecraft/]: Kelp Growth Modifier: 100%
[232月2025 12:59:04.337] [Server thread/INFO] [Minecraft/]: TwistingVines Growth Modifier: 100%
[232月2025 12:59:04.337] [Server thread/INFO] [Minecraft/]: WeepingVines Growth Modifier: 100%
[232月2025 12:59:04.337] [Server thread/INFO] [Minecraft/]: CaveVines Growth Modifier: 100%
[232月2025 12:59:04.337] [Server thread/INFO] [Minecraft/]: Entity Tracking Range: Pl 48 / An 48 / Mo 48 / Mi 32 / Di 128 / Other 64
[232月2025 12:59:04.337] [Server thread/INFO] [Minecraft/]: Tile Max Tick Time: 50ms Entity max Tick Time: 50ms
[232月2025 12:59:04.337] [Server thread/INFO] [Minecraft/]: Item Merge Radius: 2.5
[232月2025 12:59:04.354] [Server thread/INFO] [Minecraft/]: Server permissions file permissions.yml is empty, ignoring it
[232月2025 12:59:04.375] [Server thread/WARN] [Arclight/]: Assign ae2:spatial_storage to unknown level stem LevelStem[type=Reference{ResourceKey[minecraft:dimension_type / ae2:spatial_storage]=DimensionType[fixedTime=OptionalLong[12000], hasSkyLight=false, hasCeiling=false, ultraWarm=false, natural=false, coordinateScale=1.0, bedWorks=false, respawnAnchorWorks=false, minY=0, height=256, logicalHeight=256, infiniburn=TagKey[minecraft:block / minecraft:infiniburn_overworld], effectsLocation=ae2:spatial_storage, ambientLight=1.0, monsterSettings=MonsterSettings[piglinSafe=false, hasRaids=false, monsterSpawnLightTest=0, monsterSpawnBlockLightLimit=0]]}, generator=SpatialStorageChunkGenerator (748754f1)
    preset     = none
    features   = immersiveengineering(1), apotheosis(6)]
[232月2025 12:59:04.375] [Server thread/INFO] [Minecraft/]: -------- World Settings For [world/ae2/spatial_storage] --------
[232月2025 12:59:04.376] [Server thread/INFO] [Minecraft/]: Nerfing mobs spawned from spawners: false
[232月2025 12:59:04.376] [Server thread/INFO] [Minecraft/]: Entity Activation Range: An 32 / Mo 32 / Ra 48 / Mi 16 / Tiv true / Isa false
[232月2025 12:59:04.376] [Server thread/INFO] [Minecraft/]: View Distance: 10
[232月2025 12:59:04.376] [Server thread/INFO] [Minecraft/]: Simulation Distance: 10
[232月2025 12:59:04.376] [Server thread/INFO] [Minecraft/]: Experience Merge Radius: 3.0
[232月2025 12:59:04.376] [Server thread/INFO] [Minecraft/]: Hopper Transfer: 8 Hopper Check: 1 Hopper Amount: 1 Hopper Can Load Chunks: false
[232月2025 12:59:04.376] [Server thread/INFO] [Minecraft/]: Zombie Aggressive Towards Villager: true
[232月2025 12:59:04.376] [Server thread/INFO] [Minecraft/]: Allow Zombie Pigmen to spawn from portal blocks: true
[232月2025 12:59:04.376] [Server thread/INFO] [Minecraft/]: Item Despawn Rate: 6000
[232月2025 12:59:04.376] [Server thread/INFO] [Minecraft/]: Mob Spawn Range: 6
[232月2025 12:59:04.376] [Server thread/INFO] [Minecraft/]: Arrow Despawn Rate: 1200 Trident Respawn Rate:1200
[232月2025 12:59:04.376] [Server thread/INFO] [Minecraft/]: Max TNT Explosions: 100
[232月2025 12:59:04.376] [Server thread/INFO] [Minecraft/]: Custom Map Seeds:  Village: 10387312 Desert: 14357617 Igloo: 14357618 Jungle: 14357619 Swamp: 14357620 Monument: 10387313 Ocean: 14357621 Shipwreck: 165745295 End City: 10387313 Slime: 987234911 Nether: 30084232 Mansion: 10387319 Fossil: 14357921 Portal: 34222645
[232月2025 12:59:04.376] [Server thread/INFO] [Minecraft/]: Cactus Growth Modifier: 100%
[232月2025 12:59:04.376] [Server thread/INFO] [Minecraft/]: Cane Growth Modifier: 100%
[232月2025 12:59:04.376] [Server thread/INFO] [Minecraft/]: Melon Growth Modifier: 100%
[232月2025 12:59:04.376] [Server thread/INFO] [Minecraft/]: Mushroom Growth Modifier: 100%
[232月2025 12:59:04.376] [Server thread/INFO] [Minecraft/]: Pumpkin Growth Modifier: 100%
[232月2025 12:59:04.376] [Server thread/INFO] [Minecraft/]: Sapling Growth Modifier: 100%
[232月2025 12:59:04.376] [Server thread/INFO] [Minecraft/]: Beetroot Growth Modifier: 100%
[232月2025 12:59:04.376] [Server thread/INFO] [Minecraft/]: Carrot Growth Modifier: 100%
[232月2025 12:59:04.376] [Server thread/INFO] [Minecraft/]: Potato Growth Modifier: 100%
[232月2025 12:59:04.376] [Server thread/INFO] [Minecraft/]: Wheat Growth Modifier: 100%
[232月2025 12:59:04.376] [Server thread/INFO] [Minecraft/]: NetherWart Growth Modifier: 100%
[232月2025 12:59:04.376] [Server thread/INFO] [Minecraft/]: Vine Growth Modifier: 100%
[232月2025 12:59:04.376] [Server thread/INFO] [Minecraft/]: Cocoa Growth Modifier: 100%
[232月2025 12:59:04.376] [Server thread/INFO] [Minecraft/]: Bamboo Growth Modifier: 100%
[232月2025 12:59:04.376] [Server thread/INFO] [Minecraft/]: SweetBerry Growth Modifier: 100%
[232月2025 12:59:04.376] [Server thread/INFO] [Minecraft/]: Kelp Growth Modifier: 100%
[232月2025 12:59:04.376] [Server thread/INFO] [Minecraft/]: TwistingVines Growth Modifier: 100%
[232月2025 12:59:04.376] [Server thread/INFO] [Minecraft/]: WeepingVines Growth Modifier: 100%
[232月2025 12:59:04.376] [Server thread/INFO] [Minecraft/]: CaveVines Growth Modifier: 100%
[232月2025 12:59:04.376] [Server thread/INFO] [Minecraft/]: Entity Tracking Range: Pl 48 / An 48 / Mo 48 / Mi 32 / Di 128 / Other 64
[232月2025 12:59:04.376] [Server thread/INFO] [Minecraft/]: Tile Max Tick Time: 50ms Entity max Tick Time: 50ms
[232月2025 12:59:04.376] [Server thread/INFO] [Minecraft/]: Item Merge Radius: 2.5
[232月2025 12:59:04.381] [Server thread/INFO] [net.minecraft.server.MinecraftServer/]: Preparing start region for dimension minecraft:overworld
[232月2025 12:59:04.399] [Forge Version Check/INFO] [net.neoforged.fml.VersionChecker/]: [easy_villagers] Found status: BETA Current: 1.21.1-1.1.23 Target: 1.21.1-1.1.23
[232月2025 12:59:04.621] [Worker-Main-6/INFO] [net.minecraft.server.level.progress.LoggerChunkProgressListener/]: Preparing spawn area: 0%
[232月2025 12:59:04.728] [Server thread/INFO] [net.minecraft.server.level.progress.LoggerChunkProgressListener/]: Time elapsed: 346 ms
[232月2025 12:59:04.728] [Server thread/INFO] [net.minecraft.server.dedicated.DedicatedServer/]: Done (1.266s)! For help, type "help"
[232月2025 12:59:04.800] [Server thread/INFO] [net.neoforged.neoforge.server.permission.PermissionAPI/]: Successfully initialized permission handler neoforge:default_handler
[232月2025 12:59:04.800] [Server thread/INFO] [Arclight/]: Forwarding forge permission[neoforge:default_handler] to bukkit
[232月2025 12:59:04.801] [Server thread/INFO] [net.zjjohn121110.aethersdelight.AethersDelight/]: HELLO from server starting
[232月2025 12:59:04.807] [Server thread/INFO] [patchouli/]: Sending reload packet to clients
[232月2025 12:59:04.824] [VoiceChatServerThread/INFO] [voicechat/]: [voicechat] Voice chat server started at port 24454
[232月2025 12:59:04.860] [Server thread/INFO] [immersiveengineering/]: Finished recipe profiler for Arc Recycling, took 35 milliseconds
[232月2025 12:59:04.860] [Server thread/WARN] [ModernFix/]: Dedicated server took 35.101 seconds to load
[232月2025 12:59:04.954] [Server thread/WARN] [mixin/]: @Redirect conflict. Skipping mixins.arclight.impl.optimization.json:network.ChunkMapMixin_Optimize$TrackedEntityMixin from mod (unknown)->@Redirect::arclight$useFastUtilSet()Ljava/util/Set; with priority 1000, already redirected by lithium.mixins.json:alloc.entity_tracker.EntityTrackerMixin from mod radium->@Redirect::useFasterCollection()Ljava/util/Set; with priority 1000
[232月2025 12:59:10.265] [Server thread/ERROR] [net.minecraft.server.MinecraftServer/]: Encountered an unexpected exception
java.lang.NoClassDefFoundError: Could not initialize class io.izzel.arclight.common.mod.compat.CommandNodeHooks
	at TRANSFORMER/minecraft@1.21.1/net.minecraft.commands.CommandSourceStack.bridge$getCurrentCommand(CommandSourceStackMixin.java:711) ~[server-1.21.1-20240808.144430-srg.jar%23253!/:?] {re:mixin,pl:accesstransformer:B,pl:connector_pre_launch:A,re:classloading,pl:accesstransformer:B,pl:mixin:A,pl:connector_pre_launch:A}
	at TRANSFORMER/minecraft@1.21.1/net.minecraft.commands.CommandSourceStack.handler$cfj000$arclight$checkPermission(CommandSourceStackMixin.java:687) ~[server-1.21.1-20240808.144430-srg.jar%23253!/:?] {re:mixin,pl:accesstransformer:B,pl:connector_pre_launch:A,re:classloading,pl:accesstransformer:B,pl:mixin:A,pl:connector_pre_launch:A}
	at TRANSFORMER/minecraft@1.21.1/net.minecraft.commands.CommandSourceStack.hasPermission(CommandSourceStackMixin.java) ~[server-1.21.1-20240808.144430-srg.jar%23253!/:?] {re:mixin,pl:accesstransformer:B,pl:connector_pre_launch:A,re:classloading,pl:accesstransformer:B,pl:mixin:A,pl:connector_pre_launch:A}
	at TRANSFORMER/minecraft@1.21.1/net.minecraft.server.commands.StopCommand.lambda$register$0(StopCommand.java:14) ~[server-1.21.1-20240808.144430-srg.jar%23253!/:?] {re:classloading,pl:connector_pre_launch:A}
	at TRANSFORMER/connector$brigadier/com.mojang.brigadier.tree.CommandNode.canUse(CommandNode.java:65) ~[brigadier-1.3.10.jar%23133!/:?] {re:classloading,re:mixin}
	at TRANSFORMER/connector$brigadier/com.mojang.brigadier.CommandDispatcher.parseNodes(CommandDispatcher.java:301) ~[brigadier-1.3.10.jar%23133!/:?] {re:classloading,re:mixin}
	at TRANSFORMER/connector$brigadier/com.mojang.brigadier.CommandDispatcher.parse(CommandDispatcher.java:291) ~[brigadier-1.3.10.jar%23133!/:?] {re:classloading,re:mixin}
	at TRANSFORMER/arclight@1.0.0-SNAPSHOT+7cc6e16/org.bukkit.craftbukkit.v1_21_R1.CraftServer.localvar$eag000$arclight$forge$forgeCommandEvent(CraftServerMixin.java:2688) ~[arclight-1.21.1-1.0.0-SNAPSHOT-7cc6e16.jar%23255!/:arclight-1.21.1-1.0.0-SNAPSHOT-7cc6e16] {re:mixin,re:classloading,pl:mixin:APP:mixins.arclight.neoforge.json:bukkit.CraftServerMixin_NeoForge from mod (unknown),pl:mixin:APP:mixins.arclight.bukkit.json:CraftServerMixin from mod (unknown),pl:mixin:A}
	at TRANSFORMER/arclight@1.0.0-SNAPSHOT+7cc6e16/org.bukkit.craftbukkit.v1_21_R1.CraftServer.dispatchCommand(CraftServerMixin.java:920) ~[arclight-1.21.1-1.0.0-SNAPSHOT-7cc6e16.jar%23255!/:arclight-1.21.1-1.0.0-SNAPSHOT-7cc6e16] {re:mixin,re:classloading,pl:mixin:APP:mixins.arclight.neoforge.json:bukkit.CraftServerMixin_NeoForge from mod (unknown),pl:mixin:APP:mixins.arclight.bukkit.json:CraftServerMixin from mod (unknown),pl:mixin:A}
	at TRANSFORMER/arclight@1.0.0-SNAPSHOT+7cc6e16/org.bukkit.craftbukkit.v1_21_R1.CraftServer.dispatchServerCommand(CraftServerMixin.java:907) ~[arclight-1.21.1-1.0.0-SNAPSHOT-7cc6e16.jar%23255!/:arclight-1.21.1-1.0.0-SNAPSHOT-7cc6e16] {re:mixin,re:classloading,pl:mixin:APP:mixins.arclight.neoforge.json:bukkit.CraftServerMixin_NeoForge from mod (unknown),pl:mixin:APP:mixins.arclight.bukkit.json:CraftServerMixin from mod (unknown),pl:mixin:A}
	at TRANSFORMER/minecraft@1.21.1/net.minecraft.server.dedicated.DedicatedServer.redirect$chn000$arclight$serverCommandEvent(DedicatedServerMixin_NeoForge.java:773) ~[server-1.21.1-20240808.144430-srg.jar%23253!/:?] {re:mixin,pl:accesstransformer:B,pl:connector_pre_launch:A,re:classloading,pl:accesstransformer:B,pl:mixin:APP:mixins.arclight.core.json:server.dedicated.DedicatedServerMixin from mod (unknown),pl:mixin:APP:mixins.arclight.neoforge.json:core.server.dedicated.DedicatedServerMixin_NeoForge from mod (unknown),pl:mixin:A,pl:connector_pre_launch:A}
	at TRANSFORMER/minecraft@1.21.1/net.minecraft.server.dedicated.DedicatedServer.handleConsoleInputs(DedicatedServerMixin_NeoForge.java:336) ~[server-1.21.1-20240808.144430-srg.jar%23253!/:?] {re:mixin,pl:accesstransformer:B,pl:connector_pre_launch:A,re:classloading,pl:accesstransformer:B,pl:mixin:APP:mixins.arclight.core.json:server.dedicated.DedicatedServerMixin from mod (unknown),pl:mixin:APP:mixins.arclight.neoforge.json:core.server.dedicated.DedicatedServerMixin_NeoForge from mod (unknown),pl:mixin:A,pl:connector_pre_launch:A}
	at TRANSFORMER/minecraft@1.21.1/net.minecraft.server.dedicated.DedicatedServer.tickChildren(DedicatedServerMixin_NeoForge.java:321) ~[server-1.21.1-20240808.144430-srg.jar%23253!/:?] {re:mixin,pl:accesstransformer:B,pl:connector_pre_launch:A,re:classloading,pl:accesstransformer:B,pl:mixin:APP:mixins.arclight.core.json:server.dedicated.DedicatedServerMixin from mod (unknown),pl:mixin:APP:mixins.arclight.neoforge.json:core.server.dedicated.DedicatedServerMixin_NeoForge from mod (unknown),pl:mixin:A,pl:connector_pre_launch:A}
	at TRANSFORMER/minecraft@1.21.1/net.minecraft.server.MinecraftServer.tickServer(MinecraftServerMixin_NeoForge.java:917) ~[server-1.21.1-20240808.144430-srg.jar%23253!/:?] {re:mixin,pl:accesstransformer:B,pl:connector_pre_launch:A,re:classloading,pl:accesstransformer:B,pl:mixin:APP:wover.event.mixins.common.json:MinecraftServerMixin from mod wover_events,pl:mixin:APP:mixins.arclight.core.json:server.MinecraftServerMixin from mod (unknown),pl:mixin:APP:mixins.arclight.neoforge.json:core.server.MinecraftServerMixin_NeoForge from mod (unknown),pl:mixin:APP:aether.mixins.json:common.accessor.MinecraftServerAccessor from mod aether,pl:mixin:APP:modernfix-common.mixins.json:perf.dedicated_reload_executor.MinecraftServerMixin from mod modernfix,pl:mixin:APP:modernfix-common.mixins.json:core.MinecraftServerMixin from mod modernfix,pl:mixin:APP:balm.neoforge.mixins.json:MinecraftServerMixin from mod balm,pl:mixin:APP:wover.event.mixins.common.json:resource_manager.MinecraftServerMixin from mod wover_events,pl:mixin:APP:cumulus_menus.mixins.json:common.accessor.MinecraftServerAccessor from mod cumulus_menus,pl:mixin:APP:fabric-lifecycle-events-v1.mixins.json:MinecraftServerMixin from mod fabric_lifecycle_events_v1,pl:mixin:APP:ae2.mixins.json:spatial.MinecraftServerMixin from mod ae2,pl:mixin:APP:fabric-resource-loader-v0.mixins.json:MinecraftServerMixin from mod fabric_resource_loader_v0,pl:mixin:APP:fabric-message-api-v1.mixins.json:MinecraftServerMixin from mod fabric_message_api_v1,pl:mixin:A,pl:connector_pre_launch:A}
	at TRANSFORMER/minecraft@1.21.1/net.minecraft.server.MinecraftServer.runServer(MinecraftServerMixin_NeoForge.java:707) ~[server-1.21.1-20240808.144430-srg.jar%23253!/:?] {re:mixin,pl:accesstransformer:B,pl:connector_pre_launch:A,re:classloading,pl:accesstransformer:B,pl:mixin:APP:wover.event.mixins.common.json:MinecraftServerMixin from mod wover_events,pl:mixin:APP:mixins.arclight.core.json:server.MinecraftServerMixin from mod (unknown),pl:mixin:APP:mixins.arclight.neoforge.json:core.server.MinecraftServerMixin_NeoForge from mod (unknown),pl:mixin:APP:aether.mixins.json:common.accessor.MinecraftServerAccessor from mod aether,pl:mixin:APP:modernfix-common.mixins.json:perf.dedicated_reload_executor.MinecraftServerMixin from mod modernfix,pl:mixin:APP:modernfix-common.mixins.json:core.MinecraftServerMixin from mod modernfix,pl:mixin:APP:balm.neoforge.mixins.json:MinecraftServerMixin from mod balm,pl:mixin:APP:wover.event.mixins.common.json:resource_manager.MinecraftServerMixin from mod wover_events,pl:mixin:APP:cumulus_menus.mixins.json:common.accessor.MinecraftServerAccessor from mod cumulus_menus,pl:mixin:APP:fabric-lifecycle-events-v1.mixins.json:MinecraftServerMixin from mod fabric_lifecycle_events_v1,pl:mixin:APP:ae2.mixins.json:spatial.MinecraftServerMixin from mod ae2,pl:mixin:APP:fabric-resource-loader-v0.mixins.json:MinecraftServerMixin from mod fabric_resource_loader_v0,pl:mixin:APP:fabric-message-api-v1.mixins.json:MinecraftServerMixin from mod fabric_message_api_v1,pl:mixin:A,pl:connector_pre_launch:A}
	at TRANSFORMER/minecraft@1.21.1/net.minecraft.server.MinecraftServer.lambda$spin$2(MinecraftServerMixin_NeoForge.java:267) ~[server-1.21.1-20240808.144430-srg.jar%23253!/:?] {re:mixin,pl:accesstransformer:B,pl:connector_pre_launch:A,re:classloading,pl:accesstransformer:B,pl:mixin:APP:wover.event.mixins.common.json:MinecraftServerMixin from mod wover_events,pl:mixin:APP:mixins.arclight.core.json:server.MinecraftServerMixin from mod (unknown),pl:mixin:APP:mixins.arclight.neoforge.json:core.server.MinecraftServerMixin_NeoForge from mod (unknown),pl:mixin:APP:aether.mixins.json:common.accessor.MinecraftServerAccessor from mod aether,pl:mixin:APP:modernfix-common.mixins.json:perf.dedicated_reload_executor.MinecraftServerMixin from mod modernfix,pl:mixin:APP:modernfix-common.mixins.json:core.MinecraftServerMixin from mod modernfix,pl:mixin:APP:balm.neoforge.mixins.json:MinecraftServerMixin from mod balm,pl:mixin:APP:wover.event.mixins.common.json:resource_manager.MinecraftServerMixin from mod wover_events,pl:mixin:APP:cumulus_menus.mixins.json:common.accessor.MinecraftServerAccessor from mod cumulus_menus,pl:mixin:APP:fabric-lifecycle-events-v1.mixins.json:MinecraftServerMixin from mod fabric_lifecycle_events_v1,pl:mixin:APP:ae2.mixins.json:spatial.MinecraftServerMixin from mod ae2,pl:mixin:APP:fabric-resource-loader-v0.mixins.json:MinecraftServerMixin from mod fabric_resource_loader_v0,pl:mixin:APP:fabric-message-api-v1.mixins.json:MinecraftServerMixin from mod fabric_message_api_v1,pl:mixin:A,pl:connector_pre_launch:A}
	at java.base/java.lang.Thread.run(Thread.java:1583) [?:?] {re:mixin}
Caused by: java.lang.ExceptionInInitializerError: Exception java.lang.RuntimeException: java.lang.NoSuchFieldException: CURRENT_COMMAND [in thread "Worker-Main-4"]
	at TRANSFORMER/arclight@1.0.0-SNAPSHOT+7cc6e16/io.izzel.arclight.common.mod.compat.CommandNodeHooks.<clinit>(CommandNodeHooks.java:22) ~[arclight-1.21.1-1.0.0-SNAPSHOT-7cc6e16.jar%23255!/:arclight-1.21.1-1.0.0-SNAPSHOT-7cc6e16] {re:mixin,re:classloading}
	at TRANSFORMER/minecraft@1.21.1/net.minecraft.commands.CommandSourceStack.bridge$getCurrentCommand(CommandSourceStackMixin.java:711) ~[server-1.21.1-20240808.144430-srg.jar%23253!/:?] {re:mixin,pl:accesstransformer:B,pl:connector_pre_launch:A,re:classloading,pl:accesstransformer:B,pl:mixin:A,pl:connector_pre_launch:A}
	at TRANSFORMER/minecraft@1.21.1/net.minecraft.commands.CommandSourceStack.handler$cfj000$arclight$checkPermission(CommandSourceStackMixin.java:687) ~[server-1.21.1-20240808.144430-srg.jar%23253!/:?] {re:mixin,pl:accesstransformer:B,pl:connector_pre_launch:A,re:classloading,pl:accesstransformer:B,pl:mixin:A,pl:connector_pre_launch:A}
	at TRANSFORMER/minecraft@1.21.1/net.minecraft.commands.CommandSourceStack.hasPermission(CommandSourceStackMixin.java) ~[server-1.21.1-20240808.144430-srg.jar%23253!/:?] {re:mixin,pl:accesstransformer:B,pl:connector_pre_launch:A,re:classloading,pl:accesstransformer:B,pl:mixin:A,pl:connector_pre_launch:A}
	at TRANSFORMER/minecraft@1.21.1/net.minecraft.server.commands.ExecuteCommand.lambda$register$4(ExecuteCommand.java:187) ~[server-1.21.1-20240808.144430-srg.jar%23253!/:?] {re:classloading,pl:connector_pre_launch:A}
	at TRANSFORMER/connector$brigadier/com.mojang.brigadier.tree.CommandNode.canUse(CommandNode.java:65) ~[brigadier-1.3.10.jar%23133!/:?] {re:classloading,re:mixin}
	at TRANSFORMER/connector$brigadier/com.mojang.brigadier.CommandDispatcher.parseNodes(CommandDispatcher.java:301) ~[brigadier-1.3.10.jar%23133!/:?] {re:classloading,re:mixin}
	at TRANSFORMER/connector$brigadier/com.mojang.brigadier.CommandDispatcher.parse(CommandDispatcher.java:291) ~[brigadier-1.3.10.jar%23133!/:?] {re:classloading,re:mixin}
	at TRANSFORMER/minecraft@1.21.1/net.minecraft.commands.functions.CommandFunction.parseCommand(CommandFunction.java:96) ~[server-1.21.1-20240808.144430-srg.jar%23253!/:?] {re:classloading,pl:connector_pre_launch:A}
	at TRANSFORMER/minecraft@1.21.1/net.minecraft.commands.functions.CommandFunction.fromLines(CommandFunction.java:78) ~[server-1.21.1-20240808.144430-srg.jar%23253!/:?] {re:classloading,pl:connector_pre_launch:A}
	at TRANSFORMER/minecraft@1.21.1/net.minecraft.server.ServerFunctionLibrary.lambda$reload$2(ServerFunctionLibrary.java:89) ~[server-1.21.1-20240808.144430-srg.jar%23253!/:?] {re:mixin,pl:connector_pre_launch:A,re:classloading,pl:mixin:APP:fabric-resource-loader-v0.mixins.json:KeyedResourceReloadListenerMixin from mod fabric_resource_loader_v0,pl:mixin:A,pl:connector_pre_launch:A}
	at java.base/java.util.concurrent.CompletableFuture$AsyncSupply.run(CompletableFuture.java:1768) ~[?:?] {}
	at java.base/java.util.concurrent.CompletableFuture$AsyncSupply.exec(CompletableFuture.java:1760) ~[?:?] {}
	at java.base/java.util.concurrent.ForkJoinTask.doExec(ForkJoinTask.java:387) ~[?:?] {}
	at java.base/java.util.concurrent.ForkJoinPool$WorkQueue.topLevelExec(ForkJoinPool.java:1312) ~[?:?] {}
	at java.base/java.util.concurrent.ForkJoinPool.scan(ForkJoinPool.java:1843) ~[?:?] {re:mixin,re:computing_frames}
	at java.base/java.util.concurrent.ForkJoinPool.runWorker(ForkJoinPool.java:1808) ~[?:?] {re:mixin,re:computing_frames}
	at java.base/java.util.concurrent.ForkJoinWorkerThread.run(ForkJoinWorkerThread.java:188) ~[?:?] {re:mixin}
[232月2025 12:59:10.333] [Server thread/FATAL] [net.neoforged.neoforge.common.NeoForgeMod/]: Preparing crash report with UUID 6d53bd80-6d8b-4311-ab05-9e7200fa36ee
[232月2025 12:59:10.333] [Server thread/ERROR] [net.minecraft.server.MinecraftServer/]: This crash report has been saved to: D:\AutumnCraft-Server\AutumnCraft-Server\crash-reports\crash-2025-02-23_12.59.10-server.txt
[232月2025 12:59:10.335] [Server thread/INFO] [net.minecraft.server.MinecraftServer/]: Stopping server
[232月2025 12:59:10.335] [Server thread/INFO] [net.minecraft.server.MinecraftServer/]: Saving players
[232月2025 12:59:10.335] [Server thread/INFO] [net.minecraft.server.MinecraftServer/]: Saving worlds
[232月2025 12:59:10.435] [Server thread/INFO] [net.minecraft.server.MinecraftServer/]: Saving chunks for level 'ServerLevel[world]'/minecraft:overworld
[232月2025 12:59:10.456] [Server thread/INFO] [net.minecraft.server.MinecraftServer/]: Saving chunks for level 'ServerLevel[world/twilightforest/twilight_forest]'/twilightforest:twilight_forest
[232月2025 12:59:10.459] [Server thread/INFO] [net.minecraft.server.MinecraftServer/]: Saving chunks for level 'ServerLevel[world/DIM-1]'/minecraft:the_nether
[232月2025 12:59:10.463] [Server thread/INFO] [net.minecraft.server.MinecraftServer/]: Saving chunks for level 'ServerLevel[world]'/aether:the_aether
[232月2025 12:59:10.466] [Server thread/INFO] [net.minecraft.server.MinecraftServer/]: Saving chunks for level 'ServerLevel[world/DIM1]'/minecraft:the_end
[232月2025 12:59:10.469] [Server thread/INFO] [net.minecraft.server.MinecraftServer/]: Saving chunks for level 'ServerLevel[world/ae2/spatial_storage]'/ae2:spatial_storage
